  3.50	650	650	U	0	unclassified
 96.50	17926	0	R	1	root
 94.75	17600	28	R1	131567	  cellular organisms
 94.45	17545	1094	D	2	    Bacteria
 80.96	15040	2259	P	1224	      Proteobacteria
 56.69	10531	2047	C	28216	        Betaproteobacteria
 38.73	7194	749	O	206389	          Rhodocyclales
 33.55	6232	4489	F	2008795	            Azonexaceae
  8.41	1563	0	G	138117	              Quatrionicoccus
  8.41	1563	1563	S	138118	                Quatrionicoccus australiensis
  0.72	133	71	G	73029	              Dechloromonas
  0.26	48	48	S	281362	                Dechloromonas denitrificans
  0.08	14	0	G1	2633351	                unclassified Dechloromonas
  0.05	9	9	S	2654218	                  Dechloromonas sp. TW-R-39-2
  0.03	5	5	S	2231055	                  Dechloromonas sp. HYN0024
  0.25	47	0	G	88875	              Ferribacterium
  0.25	47	47	S	76259	                Ferribacterium limneticum
  0.79	146	24	F	2008794	            Zoogloeaceae
  0.38	71	51	G	33057	              Thauera
  0.05	10	10	S	2184083	                Thauera hydrothermalis
  0.05	9	0	G1	2609274	                unclassified Thauera
  0.04	7	7	S	85643	                  Thauera sp. MZ1T
  0.01	2	2	S	2005884	                  Thauera sp. K11
  0.01	1	1	S	1134435	                Thauera humireducens
  0.15	27	0	G	12960	              Azoarcus
  0.12	22	0	G1	2629479	                unclassified Azoarcus
  0.11	20	20	S	2027405	                  Azoarcus sp. DD4
  0.01	2	2	S	748247	                  Azoarcus sp. KH32C
  0.02	4	4	S	418699	                Azoarcus olearius
  0.01	1	1	S	41977	                Azoarcus communis
  0.13	24	2	G	2891294	              Nitrogeniibacter
  0.12	22	22	S	2016596	                Nitrogeniibacter mangrovi
  0.35	65	0	F	75787	            Rhodocyclaceae
  0.25	47	6	G	146937	              Azospira
  0.15	28	28	S	2785627	                Azospira inquinata
  0.06	12	12	S	404405	                Azospira restricta
  0.01	1	0	G1	2609269	                unclassified Azospira
  0.01	1	1	S	1765049	                  Azospira sp. I09
  0.06	12	0	G	1914449	              Rugosibacter
  0.06	12	12	S	1565605	                Rugosibacter aromaticivorans
  0.03	6	0	G	551759	              Aromatoleum
  0.02	4	4	S	2067960	                Aromatoleum pumilum
  0.01	1	1	S	76115	                Aromatoleum bremense
  0.01	1	1	S	76116	                Aromatoleum petrolei
  0.01	2	0	F	2808923	            Fluviibacteraceae
  0.01	2	0	G	2808942	              Fluviibacter
  0.01	2	2	S	1751046	                Fluviibacter phosphoraccumulans
  4.43	823	236	O	80840	          Burkholderiales
  2.53	470	265	F	80864	            Comamonadaceae
  0.95	177	115	G	34072	              Variovorax
  0.30	56	52	G1	663243	                unclassified Variovorax
  0.01	1	1	S	207745	                  Variovorax sp. WDL1
  0.01	1	1	S	2762323	                  Variovorax sp. PAMC28562
  0.01	1	1	S	1034889	                  Variovorax sp. HW608
  0.01	1	1	S	1795631	                  Variovorax sp. PAMC 28711
  0.03	6	5	S	34073	                Variovorax paradoxus
  0.01	1	1	S1	595537	                  Variovorax paradoxus EPS
  0.04	8	3	G	283	              Comamonas
  0.01	2	0	G1	2638500	                unclassified Comamonas
  0.01	1	1	S	2597701	                  Comamonas sp. NLF-7-7
  0.01	1	1	S	2853163	                  Comamonas sp. NLF-1-9
  0.01	1	1	S	285	                Comamonas testosteroni
  0.01	1	1	S	225992	                Comamonas kerstersii
  0.01	1	1	S	363952	                Comamonas thiooxydans
  0.04	8	0	G	174951	              Ramlibacter
  0.04	8	1	S	94132	                Ramlibacter tataouinensis
  0.04	7	7	S1	365046	                  Ramlibacter tataouinensis TTB310
  0.04	7	5	G	12916	              Acidovorax
  0.01	2	1	G1	2684926	                unclassified Acidovorax
  0.01	1	1	S	2714923	                  Acidovorax sp. HDW3
  0.01	2	2	G	28065	              Rhodoferax
  0.01	1	0	G	47420	              Hydrogenophaga
  0.01	1	0	G1	2610897	                unclassified Hydrogenophaga
  0.01	1	1	S	795665	                  Hydrogenophaga sp. PBC
  0.01	1	0	G	238749	              Diaphorobacter
  0.01	1	1	S	1288495	                Diaphorobacter aerolatus
  0.01	1	0	G	352450	              Simplicispira
  0.01	1	1	S	2109915	                Simplicispira suum
  0.29	53	4	F	119060	            Burkholderiaceae
  0.10	19	3	G	32008	              Burkholderia
  0.06	12	0	G1	87882	                Burkholderia cepacia complex
  0.03	5	5	S	95485	                  Burkholderia stabilis
  0.02	3	3	S	95486	                  Burkholderia cenocepacia
  0.02	3	0	S	152500	                  Burkholderia dolosa
  0.02	3	3	S1	1385930	                    Burkholderia dolosa PC543
  0.01	1	1	S	488447	                  Burkholderia contaminans
  0.02	4	0	G1	111527	                pseudomallei group
  0.02	4	2	S	28450	                  Burkholderia pseudomallei
  0.01	1	1	S1	1439854	                    Burkholderia pseudomallei B03
  0.01	1	1	S1	1249473	                    Burkholderia pseudomallei MSHR491
  0.07	13	0	G	2571159	              Mycetohabitans
  0.07	13	0	S	412963	                Mycetohabitans rhizoxinica
  0.07	13	13	S1	882378	                  Mycetohabitans rhizoxinica HKI 454
  0.03	6	2	G	106589	              Cupriavidus
  0.01	2	2	S	164546	                Cupriavidus taiwanensis
  0.01	1	1	S	96344	                Cupriavidus oxalaticus
  0.01	1	1	S	119219	                Cupriavidus metallidurans
  0.03	5	5	G	1822464	              Paraburkholderia
  0.01	2	2	G	44013	              Polynucleobacter
  0.01	1	0	G	48736	              Ralstonia
  0.01	1	1	S	305	                Ralstonia solanacearum
  0.01	1	0	G	240411	              Chitinimonas
  0.01	1	1	S	2594795	                Chitinimonas arctica
  0.01	1	0	G	1827195	              Caballeronia
  0.01	1	0	G1	2646786	                unclassified Caballeronia
  0.01	1	1	S	2878150	                  Caballeronia sp. Lep1P3
  0.01	1	1	G	2018044	              Candidatus Vallotia
  0.20	38	32	F	506	            Alcaligenaceae
  0.02	3	0	G	517	              Bordetella
  0.01	1	1	S	520	                Bordetella pertussis
  0.01	1	1	S	35814	                Bordetella holmesii
  0.01	1	1	S	103855	                Bordetella hinzii
  0.01	1	0	G	507	              Alcaligenes
  0.01	1	1	S	323284	                Alcaligenes aquatilis
  0.01	1	0	G	90243	              Oligella
  0.01	1	1	S	90244	                Oligella ureolytica
  0.01	1	0	G	305976	              Pusillimonas (ex Stolz et al. 2005)
  0.01	1	0	G1	2640016	                unclassified Pusillimonas
  0.01	1	1	S	2716226	                  Pusillimonas sp. DMV24BSW_D
  0.10	19	6	F	75682	            Oxalobacteraceae
  0.05	9	0	G	401469	              Undibacterium
  0.04	7	7	G1	2630295	                unclassified Undibacterium
  0.01	2	2	S	401471	                Undibacterium parvum
  0.02	3	2	F1	2895353	              Massilia group
  0.01	1	0	G	149698	                Massilia
  0.01	1	0	G1	2609279	                  unclassified Massilia
  0.01	1	1	S	2919578	                    Massilia sp. MB5
  0.01	1	0	G	963	              Herbaspirillum
  0.01	1	0	S	80842	                Herbaspirillum rubrisubalbicans
  0.01	1	1	S1	1235827	                  Herbaspirillum rubrisubalbicans Os34
  0.03	5	1	O1	224471	            Burkholderiales genera incertae sedis
  0.01	1	0	G	32012	              Thiomonas
  0.01	1	1	S	926	                Thiomonas intermedia
  0.01	1	0	G	34102	              Sphaerotilus
  0.01	1	0	S	34103	                Sphaerotilus natans
  0.01	1	1	S1	639200	                  Sphaerotilus natans subsp. sulfidivorans
  0.01	1	0	G	92793	              Aquabacterium
  0.01	1	1	S	1296669	                Aquabacterium olei
  0.01	1	0	G	2929841	              Candidatus Ichthyocystis
  0.01	1	1	S	1561003	                Candidatus Ichthyocystis hellenicum
  0.01	2	0	F	995019	            Sutterellaceae
  0.01	2	0	G	40544	              Sutterella
  0.01	1	1	S	2494234	                Sutterella megalosphaeroides
  0.01	1	1	S	2584944	                Sutterella faecalis
  1.45	269	210	O	32003	          Nitrosomonadales
  0.18	33	0	F	2008793	            Sterolibacteriaceae
  0.14	26	10	G	311181	              Denitratisoma
  0.09	16	0	G1	2609272	                unclassified Denitratisoma
  0.09	16	16	S	1981880	                  Denitratisoma sp. DHT3
  0.03	5	0	G	157591	              Sterolibacterium
  0.03	5	5	S	157592	                Sterolibacterium denitrificans
  0.01	2	0	G	378210	              Methyloversatilis
  0.01	2	0	G1	2639971	                unclassified Methyloversatilis
  0.01	2	2	S	1842540	                  Methyloversatilis sp. RAC08
  0.05	10	0	F	2772226	            Sulfuricellaceae
  0.05	10	0	G	1778653	              Sulfuriferula
  0.05	9	9	S	171865	                Sulfuriferula plumbiphila
  0.01	1	0	G1	2637784	                unclassified Sulfuriferula
  0.01	1	1	S	1985873	                  Sulfuriferula sp. AH1
  0.03	6	4	F	32011	            Methylophilaceae
  0.01	1	1	G	16	              Methylophilus
  0.01	1	0	G	359407	              Methylotenera
  0.01	1	0	S	359408	                Methylotenera mobilis
  0.01	1	1	S1	583345	                  Methylotenera mobilis JLW8
  0.03	5	0	F	206379	            Nitrosomonadaceae
  0.02	4	1	G	914	              Nitrosomonas
  0.01	1	0	S	916	                Nitrosomonas eutropha
  0.01	1	1	S1	335283	                  Nitrosomonas eutropha C91
  0.01	1	1	S	44574	                Nitrosomonas communis
  0.01	1	1	S	1444684	                Nitrosomonas stercoris
  0.01	1	0	G	35798	              Nitrosospira
  0.01	1	0	S	1231	                Nitrosospira multiformis
  0.01	1	1	S1	323848	                  Nitrosospira multiformis ATCC 25196
  0.02	3	1	F	90627	            Gallionellaceae
  0.01	1	1	G	314343	              Sideroxydans
  0.01	1	0	G	1443590	              Ferriphaselus
  0.01	1	1	S	1188319	                Ferriphaselus amnicola
  0.01	1	0	F	2008790	            Thiobacillaceae
  0.01	1	0	G	919	              Thiobacillus
  0.01	1	0	S	36861	                Thiobacillus denitrificans
  0.01	1	1	S1	292415	                  Thiobacillus denitrificans ATCC 25259
  0.01	1	0	F	2803844	            Usitatibacteraceae
  0.01	1	0	G	2803845	              Usitatibacter
  0.01	1	1	S	2732067	                Usitatibacter rugosus
  1.07	198	6	O	206351	          Neisseriales
  0.57	106	7	F	481	            Neisseriaceae
  0.47	88	0	G	538	              Eikenella
  0.47	88	88	S	539	                Eikenella corrodens
  0.02	3	1	G	299568	              Uruburuella
  0.01	2	2	S	252130	                Uruburuella suis
  0.01	2	2	G	59	              Vitreoscilla
  0.01	2	2	G	482	              Neisseria
  0.01	2	0	G	194195	              Alysiella
  0.01	2	2	S	153491	                Alysiella crassa
  0.01	1	0	G	2593687	              Aquella
  0.01	1	1	S	2067065	                Aquella oligotrophica
  0.01	1	0	G	2898489	              Paralysiella
  0.01	1	1	S	2809020	                Paralysiella testudinis
  0.46	86	9	F	1499392	            Chromobacteriaceae
  0.31	57	0	G	57739	              Vogesella
  0.31	57	56	G1	2684990	                unclassified Vogesella
  0.01	1	1	S	1192162	                  Vogesella sp. LIG4
  0.06	11	0	G	187	              Aquaspirillum
  0.06	11	0	G1	2620219	                unclassified Aquaspirillum
  0.06	11	11	S	1938604	                  Aquaspirillum sp. LM1
  0.05	9	0	F1	90153	              Chromobacterium group
  0.05	9	0	G	535	                Chromobacterium
  0.03	5	5	S	2202141	                  Chromobacterium phragmitis
  0.02	4	4	S	1778675	                  Chromobacterium rhizoryzae
  9.72	1806	4	P1	68525	        delta/epsilon subdivisions
  5.73	1065	11	C	29547	          Epsilonproteobacteria
  5.66	1052	137	O	213849	            Campylobacterales
  3.22	599	0	F	2932623	              Sulfurospirillaceae
  3.22	599	448	G	57665	                Sulfurospirillum
  0.30	56	0	S	44674	                  Sulfurospirillum barnesii
  0.30	56	56	S1	760154	                    Sulfurospirillum barnesii SES-3
  0.29	54	54	S	366522	                  Sulfurospirillum cavolei
  0.10	19	12	G1	2618290	                  unclassified Sulfurospirillum
  0.03	5	5	S	1581011	                    Sulfurospirillum sp. UCH001
  0.01	1	1	S	220622	                    Sulfurospirillum sp. JPD-1
  0.01	1	1	S	1854493	                    Sulfurospirillum sp. ACSTCE
  0.09	17	0	S	194424	                  Sulfurospirillum halorespirans
  0.09	17	17	S1	1193502	                    Sulfurospirillum halorespirans DSM 13726
  0.02	3	0	S	65553	                  Sulfurospirillum deleyianum
  0.02	3	3	S1	525898	                    Sulfurospirillum deleyianum DSM 6946
  0.01	2	2	S	66821	                  Sulfurospirillum multivorans
  0.77	143	81	F	2808963	              Arcobacteraceae
  0.22	40	37	G	2321111	                Aliarcobacter
  0.01	2	2	S	28198	                  Aliarcobacter cryaerophilus
  0.01	1	1	S	28200	                  Aliarcobacter skirrowii
  0.06	11	8	G	28196	                Arcobacter
  0.01	1	0	S	28199	                  Arcobacter nitrofigilis
  0.01	1	1	S1	572480	                    Arcobacter nitrofigilis DSM 7299
  0.01	1	0	S	1278212	                  Arcobacter suis
  0.01	1	1	S1	663365	                    Arcobacter suis CECT 7833
  0.01	1	0	G1	2593671	                  unclassified Arcobacter
  0.01	1	1	S	2593672	                    Arcobacter sp. FWKO B
  0.05	9	0	G	2321114	                Malaciobacter
  0.05	9	9	S	1080223	                  Malaciobacter pacificus
  0.01	1	0	G	2321113	                Pseudoarcobacter
  0.01	1	1	S	1849015	                  Pseudoarcobacter acticola
  0.01	1	0	G	2321115	                Halarcobacter
  0.01	1	1	S	877500	                  Halarcobacter anaerophilus
  0.42	78	0	F	292630	              Hydrogenimonaceae
  0.42	78	0	G	223785	                Hydrogenimonas
  0.42	78	78	S	2740515	                  Hydrogenimonas urashimensis
  0.36	67	10	F	2771471	              Thiovulaceae
  0.20	37	0	G	286130	                Sulfuricurvum
  0.20	37	0	S	148813	                  Sulfuricurvum kujiense
  0.20	37	37	S1	709032	                    Sulfuricurvum kujiense DSM 16994
  0.11	20	6	G	202746	                Sulfurimonas
  0.04	8	0	G1	2623549	                  unclassified Sulfurimonas
  0.04	8	8	S	2894755	                    Sulfurimonas sp. HSL-3221
  0.03	6	6	S	2590022	                  Sulfurimonas lithotrophica
  0.12	22	0	F	72294	              Campylobacteraceae
  0.12	22	17	G	194	                Campylobacter
  0.01	2	2	S	1813019	                  Campylobacter hepaticus
  0.01	1	0	G1	2593542	                  unclassified Campylobacter
  0.01	1	1	S	2840180	                    Campylobacter sp. 19-13652
  0.01	1	1	S	202	                  Campylobacter mucosalis
  0.01	1	1	S	2561898	                  Candidatus Campylobacter infans
  0.03	6	0	F	72293	              Helicobacteraceae
  0.03	5	2	G	209	                Helicobacter
  0.01	2	2	S	210	                  Helicobacter pylori
  0.01	1	1	S	217	                  Helicobacter mustelae
  0.01	1	0	G	843	                Wolinella
  0.01	1	1	S	844	                  Wolinella succinogenes
  0.01	2	1	O	235899	            Nautiliales
  0.01	1	1	F	224467	              Nautiliaceae
  3.97	737	56	C	28221	          Deltaproteobacteria
  2.43	451	94	O	213118	            Desulfobacterales
  1.15	213	2	F	213121	              Desulfobulbaceae
  1.13	210	40	G	893	                Desulfobulbus
  0.43	80	0	S	894	                  Desulfobulbus propionicus
  0.43	80	80	S1	577650	                    Desulfobulbus propionicus DSM 2032
  0.39	73	73	S	1909699	                  Desulfobulbus oligotrophicus
  0.09	17	17	S	1986146	                  Desulfobulbus oralis
  0.01	1	0	G	2894767	                Desulfomarina
  0.01	1	1	S	2772557	                  Desulfomarina profundi
  0.68	126	77	F	213119	              Desulfobacteraceae
  0.18	34	0	G	497721	                Desulfoluna
  0.18	34	0	G1	2677172	                  unclassified Desulfoluna
  0.18	34	34	S	2810562	                    Desulfoluna sp. ASN36
  0.03	6	6	G	2289	                Desulfobacter
  0.02	3	3	G	2299	                Desulfosarcina
  0.01	2	0	G	896	                Desulfococcus
  0.01	2	2	S	897	                  Desulfococcus multivorans
  0.01	2	0	G	45654	                Desulfonema
  0.01	2	2	S	45655	                  Desulfonema magnum
  0.01	2	0	G	218207	                Desulfatibacillum
  0.01	2	2	S	218208	                  Desulfatibacillum aliphaticivorans
  0.08	15	0	F	2904715	              Desulfosudaceae
  0.08	15	0	G	2904716	                Desulfosudis
  0.08	15	0	S	181663	                  Desulfosudis oleivorans
  0.08	15	15	S1	96561	                    Desulfococcus oleovorans Hxd3
  0.02	3	2	F	2886822	              Desulfocapsaceae
  0.01	1	0	G	109168	                Desulfotalea
  0.01	1	0	S	84980	                  Desulfotalea psychrophila
  0.01	1	1	S1	177439	                    Desulfotalea psychrophila LSv54
  0.85	157	50	O	69541	            Desulfuromonadales
  0.55	102	25	F	213422	              Geobacteraceae
  0.37	68	0	G	115782	                Trichlorobacter
  0.37	68	0	S	313985	                  Trichlorobacter lovleyi
  0.37	68	68	S1	398767	                    Trichlorobacter lovleyi SZ
  0.03	6	0	G	28231	                Geobacter
  0.03	6	2	G1	2627627	                  unclassified Geobacter
  0.02	4	4	S	2495594	                    Geobacter sp. SVR
  0.01	2	0	G	2910589	                Geotalea
  0.01	2	0	S	351604	                  Geotalea uraniireducens
  0.01	2	2	S1	351605	                    Geotalea uraniireducens Rf4
  0.01	1	0	G	392332	                Geoalkalibacter
  0.01	1	1	S	483547	                  Geoalkalibacter subterraneus
  0.02	4	0	F	213421	              Desulfuromonadaceae
  0.02	3	0	G	18	                Pelobacter
  0.02	3	0	S	29543	                  Pelobacter propionicus
  0.02	3	3	S1	338966	                    Pelobacter propionicus DSM 2379
  0.01	1	0	G	890	                Desulfuromonas
  0.01	1	1	S	1603606	                  Desulfuromonas soudanensis
  0.01	1	0	F	2812024	              Syntrophotaleaceae
  0.01	1	0	G	2812025	                Syntrophotalea
  0.01	1	0	S	19	                  Syntrophotalea carbinolica
  0.01	1	1	S1	338963	                    Syntrophotalea carbinolica DSM 2380
  0.15	27	5	O	213115	            Desulfovibrionales
  0.08	14	4	F	194924	              Desulfovibrionaceae
  0.02	4	4	G	2910984	                Solidesulfovibrio
  0.01	1	0	G	872	                Desulfovibrio
  0.01	1	1	S	44742	                  Desulfovibrio fairfieldensis
  0.01	1	0	G	41707	                Lawsonia
  0.01	1	1	S	29546	                  Lawsonia intracellularis
  0.01	1	1	G	2035811	                Pseudodesulfovibrio
  0.01	1	1	G	2794998	                Maridesulfovibrio
  0.01	1	0	G	2909705	                Oleidesulfovibrio
  0.01	1	0	S	58180	                  Oleidesulfovibrio alaskensis
  0.01	1	1	S1	207559	                    Oleidesulfovibrio alaskensis G20
  0.01	1	0	G	2910986	                Paradesulfovibrio
  0.01	1	1	S	376490	                  Paradesulfovibrio bizertensis
  0.04	8	0	F	213116	              Desulfomicrobiaceae
  0.04	8	1	G	898	                Desulfomicrobium
  0.02	4	0	S	899	                  Desulfomicrobium baculatum
  0.02	4	4	S1	525897	                    Desulfomicrobium baculatum DSM 4028
  0.02	3	0	S	132132	                  Desulfomicrobium orale
  0.02	3	3	S1	888061	                    Desulfomicrobium orale DSM 12838
  0.11	20	0	C1	45456	            Deltaproteobacteria incertae sedis
  0.09	16	0	F	1902584	              Candidatus Desulfofervidaceae
  0.09	16	0	G	1902583	                Candidatus Desulfofervidus
  0.09	16	16	S	1621989	                  Candidatus Desulfofervidus auxilii
  0.02	4	0	G	1769732	              Dissulfurimicrobium
  0.02	4	4	S	1750598	                Dissulfurimicrobium hydrothermale
  0.10	18	0	O	213462	            Syntrophobacterales
  0.10	18	0	F	213465	              Syntrophobacteraceae
  0.09	16	0	G	29526	                Syntrophobacter
  0.09	16	0	S	119484	                  Syntrophobacter fumaroxidans
  0.09	16	16	S1	335543	                    Syntrophobacter fumaroxidans MPOB
  0.01	2	0	G	361106	                Desulfoglaeba
  0.01	2	0	S	361111	                  Desulfoglaeba alkanexedens
  0.01	2	2	S1	980445	                    Desulfoglaeba alkanexedens ALDC
  0.03	6	0	O	29	            Myxococcales
  0.03	5	1	O1	80812	              Sorangiineae
  0.02	3	0	F	49	                Polyangiaceae
  0.01	2	0	G	50	                  Chondromyces
  0.01	2	2	S	52	                    Chondromyces crocatus
  0.01	1	0	G	1882917	                  Pajaroellobacter
  0.01	1	1	S	1882918	                    Pajaroellobacter abortibovis
  0.01	1	0	F	1524216	                Labilitrichaceae
  0.01	1	0	G	1524217	                  Labilithrix
  0.01	1	1	S	1391654	                    Labilithrix luteola
  0.01	1	0	O1	80811	              Cystobacterineae
  0.01	1	0	F	39	                Archangiaceae
  0.01	1	0	G	47	                  Archangium
  0.01	1	1	S	83451	                    Archangium violaceum
  0.01	2	0	O	453227	            Desulfarculales
  0.01	2	0	F	453228	              Desulfarculaceae
  0.01	2	0	G	453229	                Desulfarculus
  0.01	2	0	S	453230	                  Desulfarculus baarsii
  0.01	2	2	S1	644282	                    Desulfarculus baarsii DSM 2075
  2.01	373	42	C	1236	        Gammaproteobacteria
  0.94	174	17	O	91347	          Enterobacterales
  0.79	147	9	F	543	            Enterobacteriaceae
  0.64	119	0	F1	2890311	              Klebsiella/Raoultella group
  0.64	119	109	G	570	                Klebsiella
  0.04	8	8	S	573	                  Klebsiella pneumoniae
  0.01	2	2	S	244366	                  Klebsiella variicola
  0.08	14	0	G	590	              Salmonella
  0.08	14	3	S	28901	                Salmonella enterica
  0.06	11	1	S1	59201	                  Salmonella enterica subsp. enterica
  0.03	6	1	S2	58712	                    Salmonella enterica subsp. enterica serovar Anatum
  0.03	5	5	S3	1454584	                      Salmonella enterica subsp. enterica serovar Anatum str. USDA-ARS-USMARC-1727
  0.01	1	1	S2	2583588	                    Salmonella enterica subsp. enterica serovar 1,4,[5],12:i:-
  0.01	1	1	S2	286783	                    Salmonella enterica subsp. enterica serovar Indiana
  0.01	1	1	S2	90105	                    Salmonella enterica subsp. enterica serovar Saintpaul
  0.01	1	0	S2	611	                    Salmonella enterica subsp. enterica serovar Heidelberg
  0.01	1	1	S3	1124936	                      Salmonella enterica subsp. enterica serovar Heidelberg str. 41578
  0.02	3	0	G	561	              Escherichia
  0.02	3	2	S	562	                Escherichia coli
  0.01	1	1	S1	316435	                  Escherichia coli Nissle 1917
  0.01	2	1	G	544	              Citrobacter
  0.01	1	0	G1	1344959	                Citrobacter freundii complex
  0.01	1	1	S	546	                  Citrobacter freundii
  0.03	5	0	F	1903411	            Yersiniaceae
  0.03	5	0	G	613	              Serratia
  0.03	5	0	G1	2647522	                unclassified Serratia
  0.02	4	4	S	2033438	                  Serratia sp. MYb239
  0.01	1	1	S	2448483	                  Serratia sp. 3ACOL1
  0.02	3	0	F	1903409	            Erwiniaceae
  0.01	2	0	G	32199	              Buchnera
  0.01	2	1	S	9	                Buchnera aphidicola
  0.01	1	1	S1	2315800	                  Buchnera aphidicola (Stegophylla sp.)
  0.01	1	0	G	551	              Erwinia
  0.01	1	1	S	1922217	                Candidatus Erwinia haradaeae
  0.01	1	0	F	1903414	            Morganellaceae
  0.01	1	0	G	586	              Providencia
  0.01	1	1	S	588	                Providencia stuartii
  0.01	1	0	F	2812006	            Bruguierivoracaceae
  0.01	1	0	G	84565	              Sodalis
  0.01	1	0	S	1486991	                Candidatus Sodalis pierantonius
  0.01	1	1	S1	2342	                  Candidatus Sodalis pierantonius str. SOPE
  0.38	71	0	O	2887326	          Moraxellales
  0.38	71	8	F	468	            Moraxellaceae
  0.31	58	34	G	469	              Acinetobacter
  0.08	14	14	S	2715163	                Acinetobacter lanii
  0.03	5	0	G1	909768	                Acinetobacter calcoaceticus/baumannii complex
  0.02	3	3	S	48296	                  Acinetobacter pittii
  0.01	2	2	S	470	                  Acinetobacter baumannii
  0.01	2	2	S	756892	                Acinetobacter indicus
  0.01	2	1	G1	196816	                unclassified Acinetobacter
  0.01	1	1	S	1827285	                  Acinetobacter sp. MYb10
  0.01	1	1	S	1839785	                Acinetobacter portensis
  0.02	3	2	G	475	              Moraxella
  0.01	1	1	S	34062	                Moraxella osloensis
  0.01	2	2	G	497	              Psychrobacter
  0.13	24	0	O	72274	          Pseudomonadales
  0.13	24	1	F	135621	            Pseudomonadaceae
  0.12	23	12	G	286	              Pseudomonas
  0.03	5	0	G1	136841	                Pseudomonas aeruginosa group
  0.03	5	5	S	287	                  Pseudomonas aeruginosa
  0.01	2	0	G1	196821	                unclassified Pseudomonas
  0.01	1	1	S	2049589	                  Pseudomonas sp. HLS-6
  0.01	1	1	S	2604941	                  Pseudomonas sp. C27(2019)
  0.01	2	0	G1	136845	                Pseudomonas putida group
  0.01	2	2	S	303	                  Pseudomonas putida
  0.01	1	1	S	2666183	                Pseudomonas juntendi
  0.01	1	0	G1	136843	                Pseudomonas fluorescens group
  0.01	1	1	S	294	                  Pseudomonas fluorescens
  0.06	11	0	O	135614	          Xanthomonadales
  0.06	11	0	F	32033	            Xanthomonadaceae
  0.04	8	0	G	2709666	              Pseudolysobacter
  0.04	8	8	S	2511995	                Pseudolysobacter antarcticus
  0.01	2	0	G	338	              Xanthomonas
  0.01	2	0	G1	643453	                Xanthomonas citri group
  0.01	2	0	S	346	                  Xanthomonas citri
  0.01	2	2	S1	366649	                    Xanthomonas citri pv. fuscans
  0.01	1	0	G	2370	              Xylella
  0.01	1	0	S	2371	                Xylella fastidiosa
  0.01	1	1	S1	644357	                  Xylella fastidiosa subsp. multiplex
  0.04	8	0	O	135619	          Oceanospirillales
  0.03	6	0	F	135620	            Oceanospirillaceae
  0.03	6	0	G	28253	              Marinomonas
  0.03	6	6	S	178399	                Marinomonas primoryensis
  0.01	2	0	F	28256	            Halomonadaceae
  0.01	1	0	F1	114403	              Zymobacter group
  0.01	1	0	G	114185	                Candidatus Carsonella
  0.01	1	0	S	114186	                  Candidatus Carsonella ruddii
  0.01	1	1	S1	1202539	                    Candidatus Carsonella ruddii HT isolate Thao2000
  0.01	1	0	G	504090	              Kushneria
  0.01	1	1	S	657387	                Kushneria phosphatilytica
  0.04	7	0	O	118969	          Legionellales
  0.03	5	0	F	118968	            Coxiellaceae
  0.02	4	0	G	776	              Coxiella
  0.02	3	0	G1	2676648	                unclassified Coxiella (in: Bacteria)
  0.02	3	3	S	2749996	                  Coxiella endosymbiont of Amblyomma nuttalli
  0.01	1	1	S	777	                Coxiella burnetii
  0.01	1	0	G	254245	              Aquicella
  0.01	1	1	S	254247	                Aquicella siphonis
  0.01	2	0	F	444	            Legionellaceae
  0.01	2	1	G	445	              Legionella
  0.01	1	1	S	450	                Legionella longbeachae
  0.03	6	0	O	72273	          Thiotrichales
  0.02	3	0	F	34064	            Francisellaceae
  0.02	3	3	G	262	              Francisella
  0.01	2	0	F	135617	            Thiotrichaceae
  0.01	2	2	G	1030	              Thiothrix
  0.01	1	0	F	135616	            Piscirickettsiaceae
  0.01	1	0	G	28884	              Hydrogenovibrio
  0.01	1	1	S	39765	                Hydrogenovibrio crunogenus
  0.03	5	0	O	135622	          Alteromonadales
  0.01	2	0	F	72275	            Alteromonadaceae
  0.01	1	0	G	2650549	              Hydrocarboniclastica
  0.01	1	1	S	2259620	                Hydrocarboniclastica marina
  0.01	1	0	G	2894574	              Saccharobesus
  0.01	1	1	S	2172099	                Saccharobesus litoralis
  0.01	2	0	F	267890	            Shewanellaceae
  0.01	2	0	G	22	              Shewanella
  0.01	1	1	S	24	                Shewanella putrefaciens
  0.01	1	1	S	332186	                Shewanella xiamenensis
  0.01	1	0	F	267888	            Pseudoalteromonadaceae
  0.01	1	0	G	2834759	              Flocculibacter
  0.01	1	1	S	2744479	                Flocculibacter collagenilyticus
  0.03	5	0	O	135613	          Chromatiales
  0.02	4	0	F	1046	            Chromatiaceae
  0.01	2	0	G	85072	              Allochromatium
  0.01	2	0	S	1049	                Allochromatium vinosum
  0.01	2	2	S1	572477	                  Allochromatium vinosum DSM 180
  0.01	1	1	G	67575	              Rheinheimera
  0.01	1	0	G	2828366	              Caldichromatium
  0.01	1	1	S	2699430	                Caldichromatium japonicum
  0.01	1	0	F	72276	            Ectothiorhodospiraceae
  0.01	1	1	G	106633	              Thioalkalivibrio
  0.02	4	0	O	135623	          Vibrionales
  0.02	4	0	F	641	            Vibrionaceae
  0.02	3	1	G	662	              Vibrio
  0.01	1	1	S	672	                Vibrio vulnificus
  0.01	1	0	G1	717610	                Vibrio harveyi group
  0.01	1	1	S	663	                  Vibrio alginolyticus
  0.01	1	0	G	657	              Photobacterium
  0.01	1	0	S	38293	                Photobacterium damselae
  0.01	1	1	S1	38294	                  Photobacterium damselae subsp. piscicida
  0.02	4	0	C1	118884	          Gammaproteobacteria incertae sedis
  0.02	4	0	G	1608298	            Thiolapillus
  0.02	4	4	S	1076588	              Thiolapillus brandeum
  0.02	3	0	O	135625	          Pasteurellales
  0.02	3	0	F	712	            Pasteurellaceae
  0.01	1	0	G	724	              Haemophilus
  0.01	1	1	S	730	                [Haemophilus] ducreyi
  0.01	1	0	G	2094023	              Glaesserella
  0.01	1	0	S	738	                Glaesserella parasuis
  0.01	1	1	S1	557723	                  Glaesserella parasuis SH0165
  0.01	1	0	G	713	              Actinobacillus
  0.01	1	1	S	51049	                Actinobacillus indolicus
  0.02	3	0	O	1775403	          Nevskiales
  0.02	3	1	F	568386	            Sinobacteraceae
  0.01	2	0	G	413435	              Solimonas
  0.01	2	0	G1	2637139	                unclassified Solimonas
  0.01	2	2	S	2303331	                  Solimonas sp. K1W22B-7
  0.01	2	0	O	1706369	          Cellvibrionales
  0.01	2	0	F	1706372	            Halieaceae
  0.01	2	0	G	393661	              Congregibacter
  0.01	2	0	S	393662	                Congregibacter litoralis
  0.01	2	2	S1	314285	                  Congregibacter litoralis KT71
  0.01	1	0	O	135618	          Methylococcales
  0.01	1	0	F	403	            Methylococcaceae
  0.01	1	0	G	1760987	              Methylomagnum
  0.01	1	1	S	1760988	                Methylomagnum ishizawai
  0.01	1	0	C1	33811	          unclassified Gammaproteobacteria
  0.01	1	1	S	1248727	            endosymbiont of unidentified scaly snail isolate Monju
  0.01	1	0	O	135624	          Aeromonadales
  0.01	1	0	F	84642	            Aeromonadaceae
  0.01	1	1	G	642	              Aeromonas
  0.01	1	0	O	1692040	          Acidiferrobacterales
  0.01	1	0	F	1692041	            Acidiferrobacteraceae
  0.01	1	1	G	986106	              Acidiferrobacter
  0.38	70	7	C	28211	        Alphaproteobacteria
  0.17	31	0	O	204457	          Sphingomonadales
  0.17	31	0	F	335929	            Erythrobacteraceae
  0.17	31	0	F1	2800788	              Erythrobacter/Porphyrobacter group
  0.17	31	0	G	1111	                Porphyrobacter
  0.17	31	0	G1	2683265	                  unclassified Porphyrobacter
  0.17	31	31	S	2883480	                    Porphyrobacter sp. GA68
  0.09	16	3	O	356	          Hyphomicrobiales
  0.03	5	1	F	69277	            Phyllobacteriaceae
  0.01	2	0	G	68287	              Mesorhizobium
  0.01	2	2	G1	325217	                unclassified Mesorhizobium
  0.01	1	1	G	245876	              Nitratireductor
  0.01	1	0	G	274591	              Hoeflea
  0.01	1	0	S	244596	                Hoeflea phototrophica
  0.01	1	1	S1	411684	                  Hoeflea phototrophica DFL-43
  0.03	5	0	F	772	            Bartonellaceae
  0.03	5	0	G	773	              Bartonella
  0.03	5	5	S	2267275	                Bartonella krasnovii
  0.01	1	0	F	41294	            Bradyrhizobiaceae
  0.01	1	0	G	1073	              Rhodopseudomonas
  0.01	1	0	S	1076	                Rhodopseudomonas palustris
  0.01	1	1	S1	316058	                  Rhodopseudomonas palustris HaA2
  0.01	1	0	F	45401	            Hyphomicrobiaceae
  0.01	1	1	G	1484898	              Methyloceanibacter
  0.01	1	0	F	335928	            Xanthobacteraceae
  0.01	1	0	G	279	              Xanthobacter
  0.01	1	1	S	280	                Xanthobacter autotrophicus
  0.03	6	0	O	204441	          Rhodospirillales
  0.01	2	0	F	2690195	            Elioraeaceae
  0.01	2	0	G	457933	              Elioraea
  0.01	2	2	S	2843330	                Elioraea tepida
  0.01	1	1	F	433	            Acetobacteraceae
  0.01	1	0	F	41295	            Rhodospirillaceae
  0.01	1	1	G	2705399	              Hypericibacter
  0.01	1	0	F	2829815	            Azospirillaceae
  0.01	1	0	G	191	              Azospirillum
  0.01	1	1	S	192	                Azospirillum brasilense
  0.01	1	0	F	2844866	            Thalassospiraceae
  0.01	1	1	G	168934	              Thalassospira
  0.01	2	0	C1	82117	          Alphaproteobacteria incertae sedis
  0.01	2	0	G	213485	            Micavibrio
  0.01	2	2	S	349221	              Micavibrio aeruginosavorus
  0.01	2	0	O	2066490	          Emcibacterales
  0.01	2	0	F	2066491	            Emcibacteraceae
  0.01	2	0	G	2813804	              Paremcibacter
  0.01	2	2	S	2043170	                Paremcibacter congregatus
  0.01	2	0	O	2800059	          Maricaulales
  0.01	2	0	F	2800061	            Maricaulaceae
  0.01	2	0	G	2004661	              Hyphobacterium
  0.01	2	0	G1	2638931	                unclassified Hyphobacterium
  0.01	2	2	S	2749086	                  Hyphobacterium sp. CCMP332
  0.01	1	0	O	766	          Rickettsiales
  0.01	1	0	F	1328881	            Candidatus Midichloriaceae
  0.01	1	0	G	411566	              Candidatus Midichloria
  0.01	1	0	S	234827	                Candidatus Midichloria mitochondrii
  0.01	1	1	S1	696127	                  Candidatus Midichloria mitochondrii IricVA
  0.01	1	0	O	204455	          Rhodobacterales
  0.01	1	0	F	31989	            Rhodobacteraceae
  0.01	1	0	G	2831925	              Pukyongiella
  0.01	1	1	S	2605946	                Pukyongiella litopenaei
  0.01	1	0	O	1921002	          Holosporales
  0.01	1	0	F	44746	            Holosporaceae
  0.01	1	0	G	2601574	              Candidatus Cytomitobacter
  0.01	1	1	S	2066024	                Candidatus Cytomitobacter primus
  0.01	1	0	O	2800060	          Hyphomonadales
  0.01	1	0	F	69657	            Hyphomonadaceae
  0.01	1	0	G	2723	              Hirschia
  0.01	1	0	S	2724	                Hirschia baltica
  0.01	1	1	S1	582402	                  Hirschia baltica ATCC 49814
  0.01	1	0	C	1553900	        Oligoflexia
  0.01	1	0	O	213481	          Bdellovibrionales
  0.01	1	0	F	213483	            Bdellovibrionaceae
  0.01	1	0	G	2862745	              Pseudobdellovibrio
  0.01	1	0	S	453816	                Pseudobdellovibrio exovorus
  0.01	1	1	S1	1184267	                  Pseudobdellovibrio exovorus JSS
  5.40	1004	0	D1	1783270	      FCB group
  5.19	964	2	D2	68336	        Bacteroidetes/Chlorobi group
  5.13	953	115	P	976	          Bacteroidetes
  2.79	519	14	C	200643	            Bacteroidia
  2.57	477	37	O	171549	              Bacteroidales
  1.04	193	0	F	2005523	                Paludibacteraceae
  1.04	193	0	G	346096	                  Paludibacter
  1.04	193	0	S	185300	                    Paludibacter propionicigenes
  1.04	193	193	S1	694427	                      Paludibacter propionicigenes WB4
  0.63	117	0	F	171550	                Rikenellaceae
  0.63	117	113	G	239759	                  Alistipes
  0.02	3	0	G1	2608932	                    unclassified Alistipes
  0.02	3	3	S	2662363	                      Alistipes sp. dk3624
  0.01	1	1	S	2585118	                    Alistipes communis
  0.22	41	4	F	815	                Bacteroidaceae
  0.18	34	24	G	816	                  Bacteroides
  0.03	6	0	S	151276	                    Bacteroides coprosuis
  0.03	6	6	S1	679937	                      Bacteroides coprosuis DSM 18011
  0.01	2	0	G1	2646097	                    unclassified Bacteroides
  0.01	2	2	S	2715212	                      Bacteroides sp. CBA7301
  0.01	2	2	S	246787	                    Bacteroides cellulosilyticus
  0.02	3	0	G	909656	                  Phocaeicola
  0.02	3	3	S	357276	                    Phocaeicola dorei
  0.12	22	0	F	171552	                Prevotellaceae
  0.12	22	3	G	838	                  Prevotella
  0.05	10	0	G1	2638335	                    unclassified Prevotella
  0.05	10	0	S	652716	                      Prevotella sp. oral taxon 299
  0.05	10	10	S1	575614	                        Prevotella sp. oral taxon 299 str. F0039
  0.04	8	8	S	28127	                    Prevotella buccalis
  0.01	1	1	S	165179	                    Prevotella copri
  0.11	20	13	F	2005525	                Tannerellaceae
  0.03	6	3	G	375288	                  Parabacteroides
  0.02	3	3	S	328812	                    Parabacteroides goldsteinii
  0.01	1	0	G	195950	                  Tannerella
  0.01	1	1	S	712710	                    Tannerella serpentiformis
  0.08	15	0	F	171551	                Porphyromonadaceae
  0.08	15	2	G	836	                  Porphyromonas
  0.03	5	0	S	28123	                    Porphyromonas asaccharolytica
  0.03	5	5	S1	879243	                      Porphyromonas asaccharolytica DSM 20707
  0.01	2	2	S	36874	                    Porphyromonas cangingivalis
  0.01	2	2	S	322095	                    Porphyromonas somerae
  0.01	2	2	S	393921	                    Porphyromonas crevioricanis
  0.01	1	1	S	837	                    Porphyromonas gingivalis
  0.01	1	0	G1	2645799	                    unclassified Porphyromonas
  0.01	1	1	S	712435	                      Porphyromonas sp. oral taxon 275
  0.08	14	0	F	2005473	                Muribaculaceae
  0.04	8	0	G	2815786	                  Sodaliphilus
  0.04	8	8	S	2606626	                    Sodaliphilus pleomorphus
  0.03	6	1	G	1918540	                  Muribaculum
  0.03	5	5	S	2530390	                    Muribaculum gordoncarteri
  0.06	12	0	F	1853231	                Odoribacteraceae
  0.06	12	12	G	574697	                  Butyricimonas
  0.03	5	3	F	2005520	                Dysgonomonadaceae
  0.01	2	0	G	294702	                  Proteiniphilum
  0.01	1	1	S	1642647	                    Proteiniphilum saccharofermentans
  0.01	1	0	G1	2622718	                    unclassified Proteiniphilum
  0.01	1	1	S	2829812	                      Proteiniphilum sp. JNU-WLY501
  0.01	1	0	F	2760872	                Tenuifilaceae
  0.01	1	0	G	2760873	                  Tenuifilum
  0.01	1	1	S	2590900	                    Tenuifilum thalassicum
  0.15	28	0	O	1970189	              Marinilabiliales
  0.10	18	0	F	558415	                Marinilabiliaceae
  0.10	18	0	G	1193324	                  Alkalitalea
  0.10	18	18	S	889453	                    Alkalitalea saponilacus
  0.03	6	0	F	1573805	                Marinifilaceae
  0.03	6	0	G	2060722	                  Labilibaculum
  0.03	6	6	S	1717717	                    Labilibaculum antarcticum
  0.02	4	0	F	1471398	                Prolixibacteraceae
  0.02	3	3	G	1471399	                  Draconibacterium
  0.01	1	0	G	2678352	                  Maribellus
  0.01	1	1	S	2681766	                    Maribellus comscasis
  0.86	160	0	C	117743	            Flavobacteriia
  0.86	160	10	O	200644	              Flavobacteriales
  0.38	70	32	F	49546	                Flavobacteriaceae
  0.05	9	3	G	237	                  Flavobacterium
  0.03	6	2	G1	196869	                    unclassified Flavobacterium
  0.02	3	3	S	2654325	                      Flavobacterium sp. xlx-214
  0.01	1	1	S	2856519	                      Flavobacterium sp. WSW3-B6
  0.03	5	3	G	1016	                  Capnocytophaga
  0.01	1	1	S	28188	                    Capnocytophaga canimorsus
  0.01	1	1	S	45243	                    Capnocytophaga haemolytica
  0.03	5	0	G	343334	                  Costertonia
  0.03	5	5	S	343403	                    Costertonia aggregata
  0.02	3	1	G	111500	                  Muricauda
  0.01	2	2	S	1383885	                    Muricauda aurantiaca
  0.02	3	0	G	286104	                  Winogradskyella
  0.02	3	3	S	2686077	                    Winogradskyella forsetii
  0.01	2	0	G	2058174	                  Antarcticibacterium
  0.01	1	1	S	2058175	                    Antarcticibacterium flavum
  0.01	1	0	G1	2631190	                    unclassified Antarcticibacterium
  0.01	1	1	S	2908210	                      Antarcticibacterium sp. 1MA-6-2
  0.01	2	2	G	104264	                  Cellulophaga
  0.01	2	0	G	104267	                  Tenacibaculum
  0.01	2	0	G1	2635139	                    unclassified Tenacibaculum
  0.01	2	2	S	754423	                      Tenacibaculum sp. SZ-18
  0.01	1	0	G	2913017	                  Aggregatimonas
  0.01	1	1	S	2583587	                    Aggregatimonas sangjinii
  0.01	1	0	G	2715289	                  Amniculibacterium
  0.01	1	0	G1	2767187	                    unclassified Amniculibacterium
  0.01	1	1	S	2767188	                      Amniculibacterium sp. G2-70
  0.01	1	0	G	326319	                  Dokdonia
  0.01	1	1	G1	2615033	                    unclassified Dokdonia
  0.01	1	0	G	290174	                  Aquimarina
  0.01	1	1	G1	2627091	                    unclassified Aquimarina
  0.01	1	1	G	283735	                  Leeuwenhoekiella
  0.01	1	0	G	76831	                  Myroides
  0.01	1	0	G1	2642485	                    unclassified Myroides
  0.01	1	1	S	1458492	                      Myroides sp. ZB35
  0.01	1	0	G	83612	                  Psychroflexus
  0.01	1	0	G1	196864	                    unclassified Psychroflexus
  0.01	1	1	S	2777186	                      Psychroflexus sp. ALD_RP9
  0.15	28	19	F	2762318	                Weeksellaceae
  0.04	8	0	F1	2782232	                  Chryseobacterium group
  0.04	7	1	G	59732	                    Chryseobacterium
  0.03	5	5	S	1124835	                      Chryseobacterium carnipullorum
  0.01	1	1	G1	2593645	                      unclassified Chryseobacterium
  0.01	1	0	G	2782231	                    Kaistella
  0.01	1	1	S	266749	                      Kaistella jeonii
  0.01	1	0	G	59734	                  Empedobacter
  0.01	1	1	S	247	                    Empedobacter brevis
  0.13	24	0	F	39782	                Blattabacteriaceae
  0.13	24	3	G	34098	                  Blattabacterium
  0.11	21	21	S	1653831	                    Blattabacterium cuenoti
  0.08	14	0	F	1333713	                Schleiferiaceae
  0.07	13	0	G	2828338	                  Croceimicrobium
  0.07	13	13	S	2761580	                    Croceimicrobium hydrocarbonivorans
  0.01	1	0	G	267986	                  Owenweeksia
  0.01	1	0	S	253245	                    Owenweeksia hongkongensis
  0.01	1	1	S1	926562	                      Owenweeksia hongkongensis DSM 17368
  0.04	8	0	O1	313602	                Flavobacteriales incertae sedis
  0.04	8	0	G	336809	                  Candidatus Sulcia
  0.04	8	8	S	336810	                    Candidatus Sulcia muelleri
  0.03	6	0	F	1853230	                Crocinitomicaceae
  0.02	3	0	G	246873	                  Crocinitomix
  0.02	3	0	G1	2619166	                    unclassified Crocinitomix
  0.02	3	3	S	2862509	                      Crocinitomix sp. GM2_3_6_6
  0.02	3	0	G	332102	                  Fluviicola
  0.02	3	0	S	191579	                    Fluviicola taffensis
  0.02	3	3	S1	755732	                      Fluviicola taffensis DSM 16823
  0.38	70	0	C	768503	            Cytophagia
  0.38	70	5	O	768507	              Cytophagales
  0.17	32	3	F	1853232	                Hymenobacteraceae
  0.12	23	0	G	323449	                  Pontibacter
  0.12	22	22	S	323450	                    Pontibacter actiniarum
  0.01	1	1	S	388950	                    Pontibacter akesuensis
  0.02	4	1	G	299566	                  Adhaeribacter
  0.01	2	2	S	2086471	                    Adhaeribacter swui
  0.01	1	1	S	2745197	                    Adhaeribacter radiodurans
  0.01	1	1	G	89966	                  Hymenobacter
  0.01	1	0	G	1649474	                  Nibribacter
  0.01	1	1	S	2698458	                    Nibribacter ruber
  0.06	11	0	F	2762286	                Fulvivirgaceae
  0.04	8	0	G	396811	                  Fulvivirga
  0.03	5	5	S	2810512	                    Fulvivirga lutea
  0.02	3	0	G1	2685541	                    unclassified Fulvivirga
  0.02	3	3	S	2904247	                      Fulvivirga sp. SW1-E11
  0.02	3	0	G	1433993	                  Chryseolinea
  0.02	3	3	S	2321403	                    Chryseolinea soli
  0.05	9	0	F	2896860	                Spirosomaceae
  0.02	3	0	G	319458	                  Leadbetterella
  0.02	3	0	S	316068	                    Leadbetterella byssophila
  0.02	3	3	S1	649349	                      Leadbetterella byssophila DSM 17132
  0.01	2	0	G	332157	                  Larkinella
  0.01	2	0	G1	2620233	                    unclassified Larkinella
  0.01	2	2	S	2907205	                      Larkinella sp. IE-0392
  0.01	2	1	G	861914	                  Fibrella
  0.01	1	0	G1	2620963	                    unclassified Fibrella
  0.01	1	1	S	1834519	                      Fibrella sp. ES10-3-2-2
  0.01	2	0	G	2173039	                  Arcticibacterium
  0.01	2	2	S	1784714	                    Arcticibacterium luteifluviistationis
  0.03	5	0	F	563798	                Cyclobacteriaceae
  0.01	2	2	G	68288	                  Cyclobacterium
  0.01	1	0	G	232244	                  Belliella
  0.01	1	0	S	232259	                    Belliella baltica
  0.01	1	1	S1	866536	                      Belliella baltica DSM 15883
  0.01	1	0	G	246875	                  Algoriphagus
  0.01	1	1	S	1727163	                    Algoriphagus sanaruensis
  0.01	1	0	G	1511649	                  Mongoliitalea
  0.01	1	1	S	2782006	                    Mongoliitalea daihaiensis
  0.02	4	0	F	2762301	                Marivirgaceae
  0.02	4	0	G	869806	                  Marivirga
  0.02	4	0	S	1006	                    Marivirga tractuosa
  0.02	4	4	S1	643867	                      Marivirga tractuosa DSM 4126
  0.02	3	0	F	89373	                Cytophagaceae
  0.02	3	0	G	107	                  Spirosoma
  0.01	2	0	G1	2621999	                    unclassified Spirosoma
  0.01	2	2	S	2745947	                      Spirosoma sp. KUDC1026
  0.01	1	1	S	1211326	                    Spirosoma aerolatum
  0.01	1	0	F	2858885	                Mangrovivirgaceae
  0.01	1	0	G	2858886	                  Mangrovivirga
  0.01	1	1	S	2715131	                    Mangrovivirga cuniculi
  0.21	39	0	C	117747	            Sphingobacteriia
  0.21	39	0	O	200666	              Sphingobacteriales
  0.21	39	9	F	84566	                Sphingobacteriaceae
  0.09	17	13	G	423349	                  Mucilaginibacter
  0.02	4	4	S	398049	                    Mucilaginibacter daejeonensis
  0.05	10	0	G	84567	                  Pedobacter
  0.03	6	6	S	2605747	                    Pedobacter aquae
  0.02	4	0	G1	2628915	                    unclassified Pedobacter
  0.02	4	4	S	2482728	                      Pedobacter sp. G11
  0.01	2	2	G	28453	                  Sphingobacterium
  0.01	1	1	G	929509	                  Solitalea
  0.15	27	0	P1	171558	            Bacteroidetes incertae sedis
  0.15	27	0	O	2923288	              Candidatus Sulfidibacteriales
  0.15	27	0	G	2923290	                Candidatus Sulfidibacterium
  0.15	27	27	S	2875962	                  Candidatus Sulfidibacterium hydrothermale
  0.07	13	0	C	1853228	            Chitinophagia
  0.07	13	0	O	1853229	              Chitinophagales
  0.07	13	1	F	563835	                Chitinophagaceae
  0.06	11	0	G	649461	                  Lacibacter
  0.06	11	0	G1	2630913	                    unclassified Lacibacter
  0.06	11	11	S	2760713	                      Lacibacter sp. S13-6-6
  0.01	1	0	G	649460	                  Filimonas
  0.01	1	1	S	477680	                    Filimonas lacunae
  0.04	7	0	C	1937959	            Saprospiria
  0.04	7	0	O	1936988	              Saprospirales
  0.02	4	0	F	1937961	                Haliscomenobacteraceae
  0.02	4	0	G	2349	                  Haliscomenobacter
  0.02	4	0	S	2350	                    Haliscomenobacter hydrossis
  0.02	4	4	S1	760192	                      Haliscomenobacter hydrossis DSM 1100
  0.02	3	0	F	89374	                Saprospiraceae
  0.02	3	0	G	1007	                  Saprospira
  0.02	3	0	S	1008	                    Saprospira grandis
  0.02	3	3	S1	984262	                      Saprospira grandis str. Lewin
  0.02	3	0	O	1100069	            Bacteroidetes Order II. Incertae sedis
  0.02	3	0	F	563843	              Rhodothermaceae
  0.01	2	0	G	2893090	                Rhodocaloribacter
  0.01	2	2	S	2558931	                  Rhodocaloribacter litoris
  0.01	1	0	G	146918	                Salinibacter
  0.01	1	1	S	146919	                  Salinibacter ruber
  0.03	6	0	P	1134404	          Ignavibacteriae
  0.03	6	0	C	795747	            Ignavibacteria
  0.03	6	5	O	795748	              Ignavibacteriales
  0.01	1	0	F	795749	                Ignavibacteriaceae
  0.01	1	0	G	795750	                  Ignavibacterium
  0.01	1	0	S	591197	                    Ignavibacterium album
  0.01	1	1	S1	945713	                      Ignavibacterium album JCM 16511
  0.01	2	0	P	1936987	          Balneolaeota
  0.01	2	0	P1	2927082	            Balneolaeota incertae sedis
  0.01	2	0	G	2489367	              Candidatus Cyclonatronum
  0.01	2	2	S	1457365	                Candidatus Cyclonatronum proteinivorum
  0.01	1	0	P	1090	          Chlorobi
  0.01	1	0	C	191410	            Chlorobia
  0.01	1	0	O	191411	              Chlorobiales
  0.01	1	0	F	191412	                Chlorobiaceae
  0.01	1	0	G	100715	                  Chloroherpeton
  0.01	1	0	S	100716	                    Chloroherpeton thalassium
  0.01	1	1	S1	517418	                      Chloroherpeton thalassium ATCC 35110
  0.20	37	0	P	456828	        Candidatus Cloacimonetes
  0.20	37	0	G	456826	          Candidatus Cloacimonas
  0.20	37	0	S	456827	            Candidatus Cloacimonas acidaminovorans
  0.20	37	37	S1	459349	              Candidatus Cloacimonas acidaminovorans str. Evry
  0.02	3	0	P	65842	        Fibrobacteres
  0.02	3	0	C	204430	          Fibrobacteria
  0.02	3	0	O	218872	            Fibrobacterales
  0.02	3	0	F	204431	              Fibrobacteraceae
  0.02	3	0	G	832	                Fibrobacter
  0.02	3	0	S	833	                  Fibrobacter succinogenes
  0.02	3	0	S1	834	                    Fibrobacter succinogenes subsp. succinogenes
  0.02	3	3	S2	59374	                      Fibrobacter succinogenes subsp. succinogenes S85
  1.49	277	29	D1	1783272	      Terrabacteria group
  0.96	178	21	P	1239	        Firmicutes
  0.44	82	8	C	91061	          Bacilli
  0.28	52	1	O	1385	            Bacillales
  0.23	43	1	F	90964	              Staphylococcaceae
  0.23	42	0	G	1279	                Staphylococcus
  0.22	41	41	S	1280	                  Staphylococcus aureus
  0.01	1	1	S	1282	                  Staphylococcus epidermidis
  0.03	6	2	F	186817	              Bacillaceae
  0.01	2	0	G	2804231	                Lederbergia
  0.01	2	2	S	1467	                  Lederbergia lenta
  0.01	1	0	G	1386	                Bacillus
  0.01	1	0	G1	653685	                  Bacillus subtilis group
  0.01	1	0	G2	1938374	                    Bacillus amyloliquefaciens group
  0.01	1	1	S	492670	                      Bacillus velezensis
  0.01	1	0	G	400634	                Lysinibacillus
  0.01	1	1	S	1145276	                  Lysinibacillus varians
  0.01	2	0	F	186822	              Paenibacillaceae
  0.01	1	0	G	44249	                Paenibacillus
  0.01	1	1	S	2704462	                  Paenibacillus lycopersici
  0.01	1	0	G	55080	                Brevibacillus
  0.01	1	1	S	1393	                  Brevibacillus brevis
  0.12	22	2	O	186826	            Lactobacillales
  0.07	13	1	F	1300	              Streptococcaceae
  0.06	12	11	G	1301	                Streptococcus
  0.01	1	0	S	1308	                  Streptococcus thermophilus
  0.01	1	1	S1	322159	                    Streptococcus thermophilus LMD-9
  0.03	5	0	F	33958	              Lactobacillaceae
  0.01	2	0	G	2767892	                Secundilactobacillus
  0.01	2	2	S	240427	                  Secundilactobacillus paracollinoides
  0.01	2	2	G	1243	                Leuconostoc
  0.01	1	0	G	2767886	                Levilactobacillus
  0.01	1	1	S	1580	                  Levilactobacillus brevis
  0.01	1	0	F	186827	              Aerococcaceae
  0.01	1	0	G	46123	                Abiotrophia
  0.01	1	1	S	46125	                  Abiotrophia defectiva
  0.01	1	0	F	186828	              Carnobacteriaceae
  0.01	1	0	G	1470540	                Jeotgalibaca
  0.01	1	1	S	1868793	                  Jeotgalibaca porci
  0.34	64	0	C	186801	          Clostridia
  0.32	59	7	O	186802	            Eubacteriales
  0.07	13	3	F	216572	              Oscillospiraceae
  0.01	2	1	G	216851	                Faecalibacterium
  0.01	1	1	S	853	                  Faecalibacterium prausnitzii
  0.01	2	0	G	236752	                Fastidiosipila
  0.01	2	2	S	236753	                  Fastidiosipila sanguinis
  0.01	2	0	G	1637257	                Mageeibacillus
  0.01	2	0	S	884684	                  Mageeibacillus indolicus
  0.01	2	2	S1	699246	                    Mageeibacillus indolicus UPII9-5
  0.01	2	0	G	1263	                Ruminococcus
  0.01	1	1	S	1160721	                  Ruminococcus bicirculans
  0.01	1	1	S	2564099	                  Ruminococcus bovis
  0.01	1	0	G	253238	                Ethanoligenens
  0.01	1	1	S	253239	                  Ethanoligenens harbinense
  0.01	1	0	G	2834348	                Caproicibacterium
  0.01	1	1	S	2666138	                  Caproicibacterium lactatifermentans
  0.06	12	1	F	186803	              Lachnospiraceae
  0.02	4	0	G	2039240	                Anaerotignum
  0.02	4	0	S	28446	                  Anaerotignum propionicum
  0.02	4	4	S1	991789	                    Anaerotignum propionicum DSM 1682
  0.01	1	0	G	1506553	                Lachnoclostridium
  0.01	1	0	G1	2608895	                  unclassified Lachnoclostridium
  0.01	1	1	S	1834196	                    Lachnoclostridium sp. YL32
  0.01	1	0	G	2888809	                Novisyntrophococcus
  0.01	1	1	S	2068655	                  Novisyntrophococcus fermenticellae
  0.01	1	0	G	2569097	                Anaerobutyricum
  0.01	1	1	S	39488	                  Anaerobutyricum hallii
  0.01	1	0	G	572511	                Blautia
  0.01	1	1	S	2779518	                  Blautia liquoris
  0.01	1	0	G	207244	                Anaerostipes
  0.01	1	1	S	1229621	                  Anaerostipes rhamnosivorans
  0.01	1	0	G	33042	                Coprococcus
  0.01	1	0	G1	2684943	                  unclassified Coprococcus
  0.01	1	1	S	751585	                    Coprococcus sp. ART55/1
  0.01	1	0	G	841	                Roseburia
  0.01	1	1	S	301301	                  Roseburia hominis
  0.03	6	1	F	31979	              Clostridiaceae
  0.03	5	3	G	1485	                Clostridium
  0.01	1	1	S	1716543	                  Clostridium thermarum
  0.01	1	1	S	1502	                  Clostridium perfringens
  0.02	4	0	F	186804	              Peptostreptococcaceae
  0.01	2	0	G	1870884	                Clostridioides
  0.01	1	1	S	1496	                  Clostridioides difficile
  0.01	1	0	G1	2635829	                  unclassified Clostridioides
  0.01	1	1	S	2770780	                    Clostridioides sp. ES-S-0054-01
  0.01	1	0	G	214904	                Tepidibacter
  0.01	1	0	G1	2642259	                  unclassified Tepidibacter
  0.01	1	1	S	2925782	                    Tepidibacter sp. 8C15b
  0.01	1	0	G	1501226	                Romboutsia
  0.01	1	1	S	1115758	                  Romboutsia ilealis
  0.02	3	0	F	68298	              Syntrophomonadaceae
  0.01	2	0	G	129001	                Syntrophothermus
  0.01	2	0	S	86170	                  Syntrophothermus lipocalidus
  0.01	2	2	S1	643648	                    Syntrophothermus lipocalidus DSM 12680
  0.01	1	0	G	338648	                Candidatus Contubernalis
  0.01	1	1	S	338645	                  Candidatus Contubernalis alkalaceticum
  0.02	3	0	F	186806	              Eubacteriaceae
  0.02	3	0	G	274470	                Alkalibacter
  0.02	3	0	G1	2619948	                  unclassified Alkalibacter
  0.02	3	3	S	2815577	                    Alkalibacter sp. ES005
  0.02	3	0	F	186807	              Peptococcaceae
  0.02	3	0	G	2282742	                Desulfofarcimen
  0.02	3	0	S	58138	                  Desulfofarcimen acetoxidans
  0.02	3	3	S1	485916	                    Desulfofarcimen acetoxidans DSM 771
  0.02	3	0	F	2937909	              Desulfitobacteriaceae
  0.01	2	2	G	36853	                Desulfitobacterium
  0.01	1	1	G	56112	                Dehalobacter
  0.01	2	0	O1	538999	              Eubacteriales incertae sedis
  0.01	1	0	F	543314	                Eubacteriales Family XIII. Incertae Sedis
  0.01	1	1	G	2060094	                  Aminipila
  0.01	1	0	G	1392389	                Intestinimonas
  0.01	1	1	S	1297617	                  Intestinimonas butyriciproducens
  0.01	2	0	F	990719	              Christensenellaceae
  0.01	2	0	G	990721	                Christensenella
  0.01	2	0	G1	2649046	                  unclassified Christensenella
  0.01	2	2	S	2086585	                    Christensenella sp. Marseille-P3954
  0.01	1	0	F	31984	              Heliobacteriaceae
  0.01	1	0	G	79598	                Heliorestis
  0.01	1	1	S	356322	                  Heliorestis convoluta
  0.02	4	0	O	68295	            Thermoanaerobacterales
  0.02	3	0	F	186814	              Thermoanaerobacteraceae
  0.02	3	3	G	1754	                Thermoanaerobacter
  0.01	1	0	F	2748673	              Zhaonellaceae
  0.01	1	0	G	2748674	                Zhaonella
  0.01	1	1	S	2528593	                  Zhaonella formicivorans
  0.01	1	0	O	2786987	            Koleobacterales
  0.01	1	0	F	2786988	              Koleobacteraceae
  0.01	1	0	G	2786989	                Koleobacter
  0.01	1	1	S	2751313	                  Koleobacter methoxysyntrophicus
  0.03	5	0	C	526524	          Erysipelotrichia
  0.03	5	0	O	526525	            Erysipelotrichales
  0.03	5	0	F	128827	              Erysipelotrichaceae
  0.02	3	1	G	1647	                Erysipelothrix
  0.01	1	1	S	1648	                  Erysipelothrix rhusiopathiae
  0.01	1	1	S	1514105	                  Erysipelothrix larvae
  0.01	1	0	G	1573534	                Faecalitalea
  0.01	1	0	S	39483	                  Faecalitalea cylindroides
  0.01	1	1	S1	717960	                    Faecalitalea cylindroides T2-87
  0.01	1	0	G	2678885	                Faecalibacillus
  0.01	1	1	S	1982626	                  Faecalibacillus intestinalis
  0.02	4	0	C	1737404	          Tissierellia
  0.02	4	0	O	1737405	            Tissierellales
  0.02	3	0	F	1737406	              Tissierellaceae
  0.02	3	0	G	1354809	                Keratinibaculum
  0.02	3	3	S	1278232	                  Keratinibaculum paraultunense
  0.01	1	0	F	1570339	              Peptoniphilaceae
  0.01	1	0	G	543311	                Parvimonas
  0.01	1	1	S	33033	                  Parvimonas micra
  0.01	2	0	C	909932	          Negativicutes
  0.01	2	0	O	909929	            Selenomonadales
  0.01	2	1	F	1843490	              Sporomusaceae
  0.01	1	0	G	2375	                Sporomusa
  0.01	1	1	S	2377	                  Sporomusa termitida
  0.15	28	1	P	201174	        Actinobacteria
  0.11	20	1	C	1760	          Actinomycetia
  0.03	5	1	O	85007	            Corynebacteriales
  0.02	3	0	F	1762	              Mycobacteriaceae
  0.02	3	0	G	1073531	                Mycolicibacter
  0.02	3	0	G1	2642523	                  unclassified Mycolicibacter
  0.02	3	3	S	2855503	                    Mycolicibacter sp. MYC340
  0.01	1	0	F	85025	              Nocardiaceae
  0.01	1	1	G	1817	                Nocardia
  0.02	4	0	O	85009	            Propionibacteriales
  0.02	3	1	F	31957	              Propionibacteriaceae
  0.01	2	0	G	72763	                Tessaracoccus
  0.01	1	1	S	399497	                  Tessaracoccus flavescens
  0.01	1	1	S	1285901	                  Tessaracoccus defluvii
  0.01	1	0	F	85015	              Nocardioidaceae
  0.01	1	0	G	1839	                Nocardioides
  0.01	1	0	G1	2615069	                  unclassified Nocardioides
  0.01	1	1	S	2884264	                    Nocardioides sp. Kera G14
  0.02	3	0	O	85004	            Bifidobacteriales
  0.02	3	1	F	31953	              Bifidobacteriaceae
  0.01	2	2	G	1678	                Bifidobacterium
  0.02	3	1	O	85006	            Micrococcales
  0.01	1	0	F	2805591	              Tropherymataceae
  0.01	1	0	G	2038	                Tropheryma
  0.01	1	1	S	2039	                  Tropheryma whipplei
  0.01	1	0	F	85023	              Microbacteriaceae
  0.01	1	0	G	55968	                Leucobacter
  0.01	1	1	S	1935379	                  Leucobacter muris
  0.01	2	0	O	85011	            Streptomycetales
  0.01	2	0	F	2062	              Streptomycetaceae
  0.01	2	0	G	1883	                Streptomyces
  0.01	1	0	G1	2593676	                  unclassified Streptomyces
  0.01	1	1	S	2099583	                    Streptomyces sp. ICC1
  0.01	1	1	S	1413221	                  Streptomyces ferrugineus
  0.01	1	0	O	85014	            Glycomycetales
  0.01	1	0	F	85034	              Glycomycetaceae
  0.01	1	0	G	2838311	                Natronoglycomyces
  0.01	1	1	S	2811108	                  Natronoglycomyces albus
  0.01	1	0	O	85012	            Streptosporangiales
  0.01	1	0	F	2004	              Streptosporangiaceae
  0.01	1	0	G	147067	                Thermobispora
  0.01	1	1	S	2006	                  Thermobispora bispora
  0.03	5	0	C	908620	          Nitriliruptoria
  0.03	5	0	O	1747768	            Egibacterales
  0.03	5	0	F	1747769	              Egibacteraceae
  0.03	5	0	G	1747770	                Egibacter
  0.03	5	5	S	1670831	                  Egibacter rhizosphaerae
  0.01	2	0	C	84992	          Acidimicrobiia
  0.01	2	0	O	84993	            Acidimicrobiales
  0.01	2	0	F	633392	              Iamiaceae
  0.01	2	0	G	1648491	                Aquihabitans
  0.01	2	0	G1	2633173	                  unclassified Aquihabitans
  0.01	2	2	S	2849779	                    Aquihabitans sp. G128
  0.09	17	3	P	544448	        Tenericutes
  0.08	14	1	C	31969	          Mollicutes
  0.04	8	0	O	186329	            Acholeplasmatales
  0.04	8	1	F	2146	              Acholeplasmataceae
  0.02	3	0	G	2903107	                Paracholeplasma
  0.02	3	3	S	61635	                  Paracholeplasma brassicae
  0.01	2	2	G	33926	                Candidatus Phytoplasma
  0.01	1	0	G	2147	                Acholeplasma
  0.01	1	1	S	264636	                  Acholeplasma hippikon
  0.01	1	0	G	2903106	                Haploplasma
  0.01	1	1	S	29552	                  Haploplasma axanthum
  0.02	3	0	O	186328	            Entomoplasmatales
  0.01	2	2	F	33925	              Entomoplasmataceae
  0.01	1	0	F	2131	              Spiroplasmataceae
  0.01	1	1	G	2132	                Spiroplasma
  0.01	2	0	O	2085	            Mycoplasmatales
  0.01	2	0	F	2092	              Mycoplasmataceae
  0.01	1	0	G	2093	                Mycoplasma
  0.01	1	1	S	754517	                  Mycoplasma phocoenae
  0.01	1	1	G	2767358	                Mycoplasmopsis
  0.05	10	0	P	200795	        Chloroflexi
  0.03	6	0	C	475962	          Caldilineae
  0.03	6	0	O	475963	            Caldilineales
  0.03	6	0	F	475964	              Caldilineaceae
  0.03	6	0	G	233191	                Caldilinea
  0.03	6	0	S	133453	                  Caldilinea aerophila
  0.03	6	6	S1	926550	                    Caldilinea aerophila DSM 14535 = NBRC 104270
  0.01	2	0	C	301297	          Dehalococcoidia
  0.01	2	0	O	1202465	            Dehalococcoidales
  0.01	2	0	F	1202464	              Dehalococcoidaceae
  0.01	2	2	G	61434	                Dehalococcoides
  0.01	2	0	C	1382928	          Ardenticatenia
  0.01	2	0	O	1382929	            Ardenticatenales
  0.01	2	0	F	1382930	              Ardenticatenaceae
  0.01	2	0	G	1988031	                Candidatus Promineofilum
  0.01	2	2	S	1806508	                  Candidatus Promineofilum breve
  0.05	9	0	D2	1798711	        Cyanobacteria/Melainabacteria group
  0.05	9	1	P	1117	          Cyanobacteria
  0.02	4	0	O	1161	            Nostocales
  0.02	4	0	F	1892259	              Aphanizomenonaceae
  0.02	3	0	G	159191	                Nodularia
  0.02	3	0	S	137816	                  Nodularia sphaerocarpa
  0.02	3	3	S1	2761619	                    Nodularia sphaerocarpa UHCC 0038
  0.01	1	0	G	748770	                Dolichospermum
  0.01	1	0	S	1166	                  Dolichospermum flos-aquae
  0.01	1	1	S1	315271	                    Dolichospermum flos-aquae CCAP 1403/13F
  0.01	2	0	P1	1301283	            Oscillatoriophycideae
  0.01	2	0	O	1118	              Chroococcales
  0.01	1	0	F	1890449	                Microcystaceae
  0.01	1	1	G	1125	                  Microcystis
  0.01	1	0	F	1890450	                Aphanothecaceae
  0.01	1	0	G	28070	                  Gloeothece
  0.01	1	0	S	2546356	                    Gloeothece citriformis
  0.01	1	1	S1	65393	                      Gloeothece citriformis PCC 7424
  0.01	2	0	O	2881377	            Pseudanabaenales
  0.01	1	0	F	1890438	              Leptolyngbyaceae
  0.01	1	0	G	47251	                Leptolyngbya
  0.01	1	0	G1	2650499	                  unclassified Leptolyngbya
  0.01	1	1	S	2812896	                    Leptolyngbya sp. 7M
  0.01	1	0	F	2881378	              Thermosynechococcaceae
  0.01	1	0	G	146785	                Thermosynechococcus
  0.01	1	0	G1	2622553	                  unclassified Thermosynechococcus
  0.01	1	1	S	2813673	                    Thermosynechococcus sp. TA-1
  0.03	6	0	P	1297	        Deinococcus-Thermus
  0.03	6	0	C	188787	          Deinococci
  0.03	5	0	O	118964	            Deinococcales
  0.03	5	0	F	183710	              Deinococcaceae
  0.03	5	0	G	1298	                Deinococcus
  0.02	3	0	S	432329	                  Deinococcus peraridilitoris
  0.02	3	3	S1	937777	                    Deinococcus peraridilitoris DSM 19664
  0.01	1	0	S	55148	                  Deinococcus proteolyticus
  0.01	1	1	S1	693977	                    Deinococcus proteolyticus MRP
  0.01	1	1	S	1211322	                  Deinococcus metallilatus
  0.01	1	0	O	68933	            Thermales
  0.01	1	0	F	188786	              Thermaceae
  0.01	1	0	G	270	                Thermus
  0.01	1	0	S	271	                  Thermus aquaticus
  0.01	1	1	S1	498848	                    Thermus aquaticus Y51MC23
  0.25	46	3	D1	1783257	      PVC group
  0.08	15	7	P	74201	        Verrucomicrobia
  0.03	5	3	C	414999	          Opitutae
  0.01	2	0	O	415000	            Opitutales
  0.01	2	1	F	134623	              Opitutaceae
  0.01	1	0	G	178440	                Opitutus
  0.01	1	0	S	107709	                  Opitutus terrae
  0.01	1	1	S1	452637	                    Opitutus terrae PB90-1
  0.01	1	0	C	134549	          Spartobacteria
  0.01	1	0	G	134550	            Candidatus Xiphinematobacter
  0.01	1	0	G1	2648876	              unclassified Candidatus Xiphinematobacter
  0.01	1	1	S	1704307	                Candidatus Xiphinematobacter sp. Idaho Grape
  0.01	1	0	C	203494	          Verrucomicrobiae
  0.01	1	0	O	48461	            Verrucomicrobiales
  0.01	1	0	F	203557	              Verrucomicrobiaceae
  0.01	1	0	G	518753	                Luteolibacter
  0.01	1	1	S	2728835	                  Luteolibacter luteus
  0.01	1	0	C	1955630	          Methylacidiphilae
  0.01	1	0	O	717963	            Methylacidiphilales
  0.01	1	0	F	717964	              Methylacidiphilaceae
  0.01	1	0	G	511745	                Methylacidiphilum
  0.01	1	0	S	511746	                  Methylacidiphilum infernorum
  0.01	1	1	S1	481448	                    Methylacidiphilum infernorum V4
  0.08	15	1	P	134625	        Kiritimatiellaeota
  0.05	9	0	C	2907184	          Tichowtungiia
  0.05	9	0	O	2907185	            Tichowtungiales
  0.05	9	0	F	2907186	              Tichowtungiaceae
  0.05	9	0	G	2907187	                Tichowtungia
  0.05	9	9	S	2697043	                  Tichowtungia aerotolerans
  0.03	5	0	C	1921781	          Kiritimatiellae
  0.03	5	0	O	1921782	            Kiritimatiellales
  0.03	5	0	F	1921783	              Kiritimatiellaceae
  0.03	5	0	G	1921784	                Kiritimatiella
  0.03	5	5	S	1307763	                  Kiritimatiella glycovorans
  0.05	10	0	P	203682	        Planctomycetes
  0.03	6	1	C	203683	          Planctomycetia
  0.02	3	0	O	112	            Planctomycetales
  0.02	3	1	F	126	              Planctomycetaceae
  0.01	1	0	G	118	                Planctomyces
  0.01	1	0	G1	2648843	                  unclassified Planctomyces
  0.01	1	1	S	1636152	                    Planctomyces sp. SH-PL62
  0.01	1	0	G	1936111	                Fuerstiella
  0.01	1	1	S	1891926	                  Fuerstiella marisgermanici
  0.01	2	0	O	2691354	            Pirellulales
  0.01	2	0	F	2691357	              Pirellulaceae
  0.01	2	0	G	2005380	                Mariniblastus
  0.01	2	2	S	980251	                  Mariniblastus fucicola
  0.01	2	0	C	666505	          Phycisphaerae
  0.01	1	0	O	666506	            Phycisphaerales
  0.01	1	0	F	666507	              Phycisphaeraceae
  0.01	1	0	G	2803301	                Poriferisphaera
  0.01	1	1	S	2528020	                  Poriferisphaera corsica
  0.01	1	0	O	1771349	            Tepidisphaerales
  0.01	1	0	F	1771355	              Tepidisphaeraceae
  0.01	1	0	G	2807511	                Humisphaera
  0.01	1	1	S	2807512	                  Humisphaera borealis
  0.01	1	0	C	2517206	          Candidatus Brocadiia
  0.01	1	0	O	1127829	            Candidatus Brocadiales
  0.01	1	0	F	1127830	              Candidatus Brocadiaceae
  0.01	1	0	G	380738	                Candidatus Kuenenia
  0.01	1	1	S	174633	                  Candidatus Kuenenia stuttgartiensis
  0.01	1	0	C	2897345	          Candidatus Uabimicrobiia
  0.01	1	0	O	2897347	            Candidatus Uabimicrobiales
  0.01	1	0	F	2897348	              Candidatus Uabimicrobiaceae
  0.01	1	0	G	2897349	                Candidatus Uabimicrobium
  0.01	1	1	S	2596890	                  Candidatus Uabimicrobium amorphum
  0.02	3	0	P	204428	        Chlamydiae
  0.02	3	0	C	204429	          Chlamydiia
  0.01	2	0	O	1963360	            Parachlamydiales
  0.01	2	0	F	92714	              Waddliaceae
  0.01	2	0	G	71666	                Waddlia
  0.01	2	0	S	71667	                  Waddlia chondrophila
  0.01	2	2	S1	716544	                    Waddlia chondrophila WSU 86-1044
  0.01	1	0	O	51291	            Chlamydiales
  0.01	1	0	F	809	              Chlamydiaceae
  0.01	1	0	F1	1113537	                Chlamydia/Chlamydophila group
  0.01	1	1	G	810	                  Chlamydia
  0.18	34	0	D1	2323	      Bacteria incertae sedis
  0.18	34	0	D2	1783234	        Bacteria candidate phyla
  0.17	32	4	P	95818	          Candidatus Saccharibacteria
  0.10	18	0	C	2093818	            Candidatus Saccharimonia
  0.10	18	0	O	2093819	              Candidatus Nanosynbacterales
  0.10	18	0	F	2093822	                Candidatus Nanosynbacteraceae
  0.10	18	17	G	2093823	                  Candidatus Nanosynbacter
  0.01	1	1	S	2093824	                    Candidatus Nanosynbacter lyticus
  0.05	10	0	G	1331051	            Candidatus Saccharimonas
  0.05	10	10	S	1332188	              Candidatus Saccharimonas aalborgensis
  0.01	1	0	P	67810	          Candidatus Bipolaricaulota
  0.01	1	0	G	2250122	            Candidatus Bipolaricaulis
  0.01	1	1	S	2026885	              Candidatus Bipolaricaulis anaerobius
  0.01	1	0	D3	1783273	          Patescibacteria group
  0.01	1	0	D4	1794810	            Microgenomates group
  0.01	1	0	D5	2715732	              Microgenomates group incertae sedis
  0.01	1	0	F	2715733	                Candidatus Chazhemtobacteraceae
  0.01	1	0	G	2715734	                  Candidatus Chazhemtobacterium
  0.01	1	1	S	2715735	                    Candidatus Chazhemtobacterium aquaticus
  0.08	15	0	P	203691	      Spirochaetes
  0.08	15	0	C	203692	        Spirochaetia
  0.08	14	2	O	136	          Spirochaetales
  0.03	6	0	F	2845253	            Treponemataceae
  0.03	6	2	G	157	              Treponema
  0.01	1	0	S	88058	                Treponema primitia
  0.01	1	1	S1	545694	                  Treponema primitia ZAS-2
  0.01	1	1	S	2787628	                Treponema peruense
  0.01	1	0	S	150829	                Treponema azotonutricium
  0.01	1	1	S1	545695	                  Treponema azotonutricium ZAS-9
  0.01	1	1	S	162	                Treponema phagedenis
  0.02	3	0	F	2791015	            Sphaerochaetaceae
  0.02	3	1	G	399320	              Sphaerochaeta
  0.01	2	0	S	1131703	                Sphaerochaeta globosa
  0.01	2	2	S1	158189	                  Sphaerochaeta globosa str. Buddy
  0.01	2	0	F	137	            Spirochaetaceae
  0.01	1	0	G	146	              Spirochaeta
  0.01	1	1	S	154	                Spirochaeta thermophila
  0.01	1	0	G	1616789	              Salinispira
  0.01	1	1	S	1307761	                Salinispira pacifica
  0.01	1	0	F	1643685	            Borreliaceae
  0.01	1	0	G	138	              Borrelia
  0.01	1	0	G1	2649934	                unclassified Borrelia
  0.01	1	1	S	2887345	                  Borrelia sp. BU AG58
  0.01	1	0	O	1643688	          Leptospirales
  0.01	1	0	F	170	            Leptospiraceae
  0.01	1	0	G	171	              Leptospira
  0.01	1	1	S	2564040	                Leptospira tipperaryensis
  0.05	9	0	P	32066	      Fusobacteria
  0.05	9	0	C	203490	        Fusobacteriia
  0.05	9	1	O	203491	          Fusobacteriales
  0.03	5	1	F	1129771	            Leptotrichiaceae
  0.02	4	0	G	32068	              Sebaldella
  0.02	4	0	S	826	                Sebaldella termitidis
  0.02	4	4	S1	526218	                  Sebaldella termitidis ATCC 33386
  0.02	3	2	F	203492	            Fusobacteriaceae
  0.01	1	0	G	848	              Fusobacterium
  0.01	1	1	S	285729	                Fusobacterium canifelinum
  0.04	8	0	P	68297	      Dictyoglomi
  0.04	8	0	C	203486	        Dictyoglomia
  0.04	8	0	O	203487	          Dictyoglomales
  0.04	8	0	F	203488	            Dictyoglomaceae
  0.04	8	8	G	13	              Dictyoglomus
  0.04	8	0	P	74152	      Elusimicrobia
  0.04	8	0	C	447830	        Endomicrobia
  0.04	8	0	O	1783344	          Endomicrobiales
  0.04	8	0	F	1783343	            Endomicrobiaceae
  0.04	8	0	G	1408194	              Endomicrobium
  0.04	7	7	S	1408281	                Endomicrobium proavitum
  0.01	1	1	S	1408204	                Candidatus Endomicrobium trichonymphae
  0.02	3	0	P	57723	      Acidobacteria
  0.02	3	1	C	204432	        Acidobacteriia
  0.01	1	0	O	204433	          Acidobacteriales
  0.01	1	0	F	204434	            Acidobacteriaceae
  0.01	1	0	G	392733	              Terriglobus
  0.01	1	1	S	392734	                Terriglobus roseus
  0.01	1	0	O	332160	          Bryobacterales
  0.01	1	0	F	1962910	            Bryobacteraceae
  0.01	1	0	G	1649475	              Paludibaculum
  0.01	1	1	S	1473598	                Paludibaculum fermentans
  0.01	2	0	P	200918	      Thermotogae
  0.01	2	0	C	188708	        Thermotogae
  0.01	1	0	O	2419	          Thermotogales
  0.01	1	0	F	188709	            Thermotogaceae
  0.01	1	0	G	2335	              Thermotoga
  0.01	1	0	S	1508420	                Thermotoga profunda
  0.01	1	1	S1	1408160	                  Thermotoga profunda AZM34c06
  0.01	1	0	O	1643947	          Petrotogales
  0.01	1	0	F	1643949	            Petrotogaceae
  0.01	1	0	G	2778400	              Tepiditoga
  0.01	1	1	S	2108365	                Tepiditoga spiralis
  0.01	2	0	P	40117	      Nitrospirae
  0.01	1	0	C	203693	        Nitrospira
  0.01	1	0	O	189778	          Nitrospirales
  0.01	1	0	F	189779	            Nitrospiraceae
  0.01	1	0	G	179	              Leptospirillum
  0.01	1	0	G1	655606	                Leptospirillum sp. Group I
  0.01	1	0	S	180	                  Leptospirillum ferrooxidans
  0.01	1	1	S1	1162668	                    Leptospirillum ferrooxidans C2-3
  0.01	1	0	C	2811502	        Thermodesulfovibrionia
  0.01	1	0	O	2811503	          Thermodesulfovibrionales
  0.01	1	0	F	2811504	            Thermodesulfovibrionaceae
  0.01	1	0	G	28261	              Thermodesulfovibrio
  0.01	1	0	S	28262	                Thermodesulfovibrio yellowstonii
  0.01	1	1	S1	289376	                  Thermodesulfovibrio yellowstonii DSM 11347
  0.01	2	0	P	508458	      Synergistetes
  0.01	2	0	C	649775	        Synergistia
  0.01	2	0	O	649776	          Synergistales
  0.01	2	0	F	649777	            Synergistaceae
  0.01	1	0	G	336260	              Thermovirga
  0.01	1	0	S	336261	                Thermovirga lienii
  0.01	1	1	S1	580340	                  Thermovirga lienii DSM 17291
  0.01	1	0	G	508459	              Cloacibacillus
  0.01	1	1	S	1197717	                Cloacibacillus porcorum
  0.01	1	0	P	200940	      Thermodesulfobacteria
  0.01	1	0	C	67799	        Thermodesulfobacteria
  0.01	1	0	O	188710	          Thermodesulfobacteriales
  0.01	1	0	F	188711	            Thermodesulfobacteriaceae
  0.01	1	0	G	1522431	              Thermosulfurimonas
  0.01	1	1	S	2047767	                Thermosulfurimonas marina
  0.08	14	1	D	2759	    Eukaryota
  0.05	9	0	D1	33154	      Opisthokonta
  0.05	9	0	K	33208	        Metazoa
  0.05	9	0	K1	6072	          Eumetazoa
  0.05	9	0	K2	33213	            Bilateria
  0.05	9	0	K3	33511	              Deuterostomia
  0.05	9	0	P	7711	                Chordata
  0.05	9	0	P1	89593	                  Craniata
  0.05	9	0	P2	7742	                    Vertebrata
  0.05	9	0	P3	7776	                      Gnathostomata
  0.05	9	0	P4	117570	                        Teleostomi
  0.05	9	0	P5	117571	                          Euteleostomi
  0.05	9	0	P6	8287	                            Sarcopterygii
  0.05	9	0	P7	1338369	                              Dipnotetrapodomorpha
  0.05	9	0	P8	32523	                                Tetrapoda
  0.05	9	0	P9	32524	                                  Amniota
  0.05	9	0	C	40674	                                    Mammalia
  0.05	9	0	C1	32525	                                      Theria
  0.05	9	0	C2	9347	                                        Eutheria
  0.05	9	0	C3	1437010	                                          Boreoeutheria
  0.05	9	0	C4	314146	                                            Euarchontoglires
  0.05	9	0	O	9443	                                              Primates
  0.05	9	0	O1	376913	                                                Haplorrhini
  0.05	9	0	O2	314293	                                                  Simiiformes
  0.05	9	0	O3	9526	                                                    Catarrhini
  0.05	9	0	O4	314295	                                                      Hominoidea
  0.05	9	0	F	9604	                                                        Hominidae
  0.05	9	0	F1	207598	                                                          Homininae
  0.05	9	0	G	9605	                                                            Homo
  0.05	9	9	S	9606	                                                              Homo sapiens
  0.02	4	0	D1	2698737	      Sar
  0.02	4	0	D2	33630	        Alveolata
  0.02	4	0	P	5794	          Apicomplexa
  0.01	2	0	C	422676	            Aconoidasida
  0.01	1	0	O	5819	              Haemosporida
  0.01	1	0	F	1639119	                Plasmodiidae
  0.01	1	0	G	5820	                  Plasmodium
  0.01	1	0	G1	418103	                    Plasmodium (Plasmodium)
  0.01	1	0	S	5827	                      Plasmodium cynomolgi
  0.01	1	1	S1	1120755	                        Plasmodium cynomolgi strain B
  0.01	1	1	O	5863	              Piroplasmida
  0.01	2	0	C	1280412	            Conoidasida
  0.01	2	0	C1	5796	              Coccidia
  0.01	2	0	O	75739	                Eucoccidiorida
  0.01	2	0	O1	423054	                  Eimeriorina
  0.01	1	0	F	5809	                    Sarcocystidae
  0.01	1	0	G	94642	                      Besnoitia
  0.01	1	1	S	94643	                        Besnoitia besnoiti
  0.01	1	0	F	35082	                    Cryptosporidiidae
  0.01	1	0	G	5806	                      Cryptosporidium
  0.01	1	0	S	5807	                        Cryptosporidium parvum
  0.01	1	1	S1	353152	                          Cryptosporidium parvum Iowa II
  0.07	13	0	D	2157	    Archaea
  0.05	9	0	P	28890	      Euryarchaeota
  0.05	9	0	P1	2290931	        Stenosarchaea group
  0.05	9	1	C	224756	          Methanomicrobia
  0.02	4	0	O	94695	            Methanosarcinales
  0.02	4	0	F	2206	              Methanosarcinaceae
  0.02	4	4	G	2207	                Methanosarcina
  0.02	3	1	O	2191	            Methanomicrobiales
  0.01	1	0	F	88404	              Methanocorpusculaceae
  0.01	1	0	G	2192	                Methanocorpusculum
  0.01	1	0	S	83984	                  Methanocorpusculum labreanum
  0.01	1	1	S1	410358	                    Methanocorpusculum labreanum Z
  0.01	1	0	F	1198451	              Methanoregulaceae
  0.01	1	0	G	395331	                Methanoregula
  0.01	1	0	S	882104	                  Methanoregula formicica
  0.01	1	1	S1	593750	                    Methanoregula formicica SMSP
  0.01	1	0	O	2905377	            Methanotrichales
  0.01	1	0	F	143067	              Methanotrichaceae
  0.01	1	0	G	2222	                Methanothrix
  0.01	1	0	S	2223	                  Methanothrix soehngenii
  0.01	1	1	S1	990316	                    Methanothrix soehngenii GP6
  0.02	3	0	P	2283796	      Candidatus Thermoplasmatota
  0.02	3	0	C	183967	        Thermoplasmata
  0.02	3	0	O	1235850	          Methanomassiliicoccales
  0.02	3	0	F	1577788	            Methanomassiliicoccaceae
  0.02	3	0	G	1607807	              Candidatus Methanoplasma
  0.02	3	3	S	1577791	                Candidatus Methanoplasma termitum
  0.01	1	0	D1	1783275	      TACK group
  0.01	1	0	P	651137	        Thaumarchaeota
  0.01	1	0	C	1643678	          Nitrososphaeria
  0.01	1	0	O	1033996	            Nitrososphaerales
  0.01	1	0	F	1033997	              Nitrososphaeraceae
  0.01	1	1	G	497726	                Nitrososphaera
  1.75	326	0	D	10239	  Viruses
  1.75	325	0	D1	2559587	    Riboviria
  1.75	325	0	K	2732396	      Orthornavirae
  1.61	299	0	P	2732408	        Pisuviricota
  1.59	295	0	C	2732506	          Pisoniviricetes
  1.22	226	0	O	464095	            Picornavirales
  1.16	215	0	F	12058	              Picornaviridae
  1.04	193	0	G	194960	                Kobuvirus
  1.02	190	0	S	72149	                  Aichivirus A
  1.02	190	190	S1	1313215	                    Aichi virus 1
  0.02	3	0	G1	655314	                  unclassified Kobuvirus
  0.01	1	1	S	1074213	                    Mouse kobuvirus M-5/USA/2010
  0.01	1	1	S	1452516	                    Caprine kobuvirus
  0.01	1	1	S	1836608	                    Canine kobuvirus
  0.10	18	0	G	688449	                Salivirus
  0.07	13	0	G1	1330992	                  unclassified Salivirus
  0.07	13	13	S	1547495	                    Salivirus FHB
  0.03	5	0	S	1330524	                  Salivirus A
  0.03	5	5	S1	651733	                    Salivirus NG-J1
  0.02	3	1	G	12059	                Enterovirus
  0.01	2	2	S	138950	                  Enterovirus C
  0.01	1	0	G	2025077	                Rabovirus
  0.01	1	0	S	2560695	                  Rabovirus B
  0.01	1	1	S1	2682608	                    Rabovirus B1
  0.06	11	0	F	11974	              Caliciviridae
  0.06	11	0	G	142786	                Norovirus
  0.06	11	0	S	11983	                  Norwalk virus
  0.05	10	8	S1	122929	                    Norovirus GII
  0.01	1	0	S2	490043	                      Norovirus GII isolates
  0.01	1	1	S3	1529918	                        Norovirus GII/Hu/JP/2007/GII.P15_GII.15/Sapporo/HK299
  0.01	1	1	S2	552592	                      Norovirus GII.17
  0.01	1	1	S1	122928	                    Norovirus GI
  0.37	69	0	O	76804	            Nidovirales
  0.37	69	0	O1	2499399	              Cornidovirineae
  0.37	69	0	F	11118	                Coronaviridae
  0.37	69	0	F1	2501931	                  Orthocoronavirinae
  0.37	69	0	G	694002	                    Betacoronavirus
  0.31	57	0	G1	2509481	                      Embecovirus
  0.31	57	34	S	694003	                        Betacoronavirus 1
  0.09	17	6	S1	11128	                          Bovine coronavirus
  0.06	11	0	S2	166124	                            Human enteric coronavirus 4408
  0.06	11	11	S3	627439	                              Human enteric coronavirus strain 4408
  0.03	5	5	S1	31631	                          Human coronavirus OC43
  0.01	1	1	S1	42005	                          Porcine hemagglutinating encephalomyelitis virus
  0.06	12	0	G1	2509511	                      Sarbecovirus
  0.06	12	0	S	694009	                        Severe acute respiratory syndrome-related coronavirus
  0.06	12	12	S1	2697049	                          Severe acute respiratory syndrome coronavirus 2
  0.02	4	0	C	2732507	          Stelpaviricetes
  0.02	4	0	O	2732551	            Stellavirales
  0.02	4	0	F	39733	              Astroviridae
  0.02	4	0	F1	352926	                unclassified Astroviridae
  0.02	4	4	S	1868658	                  Human astrovirus
  0.10	19	0	P	2732406	        Kitrinoviricota
  0.10	19	0	C	2732461	          Alsuviricetes
  0.10	19	0	O	2732544	            Martellivirales
  0.10	19	0	F	675071	              Virgaviridae
  0.10	19	0	G	12234	                Tobamovirus
  0.07	13	13	S	1761477	                  Tomato brown rugose fruit virus
  0.02	4	4	S	12235	                  Cucumber green mottle mosaic virus
  0.01	1	1	S	12239	                  Pepper mild mottle virus
  0.01	1	1	S	368735	                  Bell pepper mottle virus
  0.04	7	0	P	2732405	        Duplornaviricota
  0.04	7	0	C	2732459	          Resentoviricetes
  0.04	7	0	O	2732541	            Reovirales
  0.04	7	0	F	10880	              Reoviridae
  0.04	7	0	F1	689832	                Sedoreovirinae
  0.04	7	0	G	10912	                  Rotavirus
  0.04	7	7	S	28875	                    Rotavirus A
  0.01	1	0	D1	2731341	    Duplodnaviria
  0.01	1	0	K	2731360	      Heunggongvirae
  0.01	1	0	P	2731618	        Uroviricota
  0.01	1	0	C	2731619	          Caudoviricetes
  0.01	1	0	O	28883	            Caudovirales
  0.01	1	0	F	10699	              Siphoviridae
  0.01	1	0	G	1982355	                Pamexvirus
  0.01	1	0	S	1982358	                  Pamexvirus PaMx74
  0.01	1	1	S1	1175663	                    Pseudomonas phage PaMx74
