  9.55	2365	2365	U	0	unclassified
 90.45	22401	0	R	1	root
 69.00	17088	21	R1	131567	  cellular organisms
 67.51	16720	136	D	2	    Bacteria
 63.36	15692	179	P	1224	      Proteobacteria
 57.76	14306	16	C	28216	        Betaproteobacteria
 57.66	14281	42	O	80840	          Burkholderiales
 57.18	14161	535	F	119060	            Burkholderiaceae
 54.89	13593	2401	G	32008	              Burkholderia
 44.83	11102	8145	G1	87882	                Burkholderia cepacia complex
  8.25	2043	1922	S	95486	                  Burkholderia cenocepacia
  0.44	110	110	S1	1055524	                    Burkholderia cenocepacia H111
  0.03	8	8	S1	406425	                    Burkholderia cenocepacia MC0-3
  0.01	2	2	S1	331272	                    Burkholderia cenocepacia HI2424
  0.00	1	1	S1	216591	                    Burkholderia cenocepacia J2315
  1.30	321	306	S	292	                  Burkholderia cepacia
  0.06	15	15	S1	1395570	                    Burkholderia cepacia JBK9
  0.87	215	215	S	488447	                  Burkholderia contaminans
  0.20	50	43	S	87883	                  Burkholderia multivorans
  0.03	7	7	S1	395019	                    Burkholderia multivorans ATCC 17616
  0.17	42	42	S	482957	                  Burkholderia lata
  0.16	39	39	S	95485	                  Burkholderia stabilis
  0.13	32	16	S	152500	                  Burkholderia dolosa
  0.06	16	16	S1	1385930	                    Burkholderia dolosa PC543
  0.12	29	29	S	488731	                  Burkholderia seminalis
  0.12	29	29	S	179879	                  Burkholderia anthina
  0.11	27	27	S	152480	                  Burkholderia ambifaria
  0.10	26	26	S	60550	                  Burkholderia pyrrocinia
  0.10	26	25	S	101571	                  Burkholderia ubonensis
  0.00	1	1	S1	265293	                    Burkholderia ubonensis subsp. mesacidophila
  0.08	21	21	S	488729	                  Burkholderia metallica
  0.06	15	15	S	60552	                  Burkholderia vietnamiensis
  0.05	13	13	S	1503055	                  Burkholderia territorii
  0.04	11	11	S	488446	                  Burkholderia latens
  0.03	8	8	S	488732	                  Burkholderia diffusa
  0.02	5	5	S	1207504	                  Burkholderia pseudomultivorans
  0.01	3	3	S	2015348	                  Burkholderia aenigmatica
  0.01	2	2	S	1503054	                  Burkholderia stagnalis
  0.19	47	13	G1	2613784	                unclassified Burkholderia
  0.04	10	10	S	1637869	                  Burkholderia sp. MSMB0856
  0.03	8	8	S	1637853	                  Burkholderia sp. NRF60-BP8
  0.02	4	4	S	1637862	                  Burkholderia sp. LA-2-3-30-S1-D2
  0.02	4	4	S	1705310	                  Burkholderia sp. IDO3
  0.01	3	3	S	2217913	                  Burkholderia sp. JP2-270
  0.01	2	2	S	1740163	                  Burkholderia sp. Bp7605
  0.00	1	1	S	2811789	                  Burkholderia sp. MS389
  0.00	1	1	S	1795043	                  Burkholderia sp. PAMC 26561
  0.00	1	1	S	2811788	                  Burkholderia sp. MS455
  0.10	24	3	G1	111527	                pseudomallei group
  0.03	7	7	S	28450	                  Burkholderia pseudomallei
  0.02	5	5	S	57975	                  Burkholderia thailandensis
  0.02	4	4	S	342113	                  Burkholderia oklahomensis
  0.02	4	4	S	1385591	                  Burkholderia mayonis
  0.00	1	1	S	1636423	                  Burkholderia sp. MSMB1588
  0.06	14	11	S	337	                Burkholderia glumae
  0.01	3	3	S1	1176514	                  Burkholderia glumae AU6208
  0.02	4	4	S	28095	                Burkholderia gladioli
  0.00	1	1	S	2615214	                Burkholderia perseverans
  0.05	12	0	G	48736	              Ralstonia
  0.05	12	12	S	305	                Ralstonia solanacearum
  0.04	11	3	G	1822464	              Paraburkholderia
  0.01	3	3	S	2026199	                Paraburkholderia aromaticivorans
  0.01	2	2	S	169430	                Paraburkholderia hospita
  0.01	2	0	S	261302	                Paraburkholderia phytofirmans
  0.01	2	2	S1	1417228	                  Paraburkholderia phytofirmans OLGA172
  0.00	1	1	S	2571747	                Paraburkholderia acidiphila
  0.03	8	0	G	106589	              Cupriavidus
  0.02	6	6	S	164546	                Cupriavidus taiwanensis
  0.01	2	2	S	82633	                Cupriavidus pauculus
  0.01	2	0	G	1827195	              Caballeronia
  0.01	2	2	S	1071679	                Caballeronia grimmiae
  0.18	45	1	F	80864	            Comamonadaceae
  0.14	35	25	G	80865	              Delftia
  0.04	9	9	S	80866	                Delftia acidovorans
  0.00	1	1	S	180282	                Delftia tsuruhatensis
  0.01	3	0	G	283	              Comamonas
  0.01	3	3	S	285	                Comamonas testosteroni
  0.01	3	0	G	34072	              Variovorax
  0.01	3	2	G1	663243	                unclassified Variovorax
  0.00	1	1	S	207745	                  Variovorax sp. WDL1
  0.01	2	0	G	201096	              Alicycliphilus
  0.01	2	0	S	179636	                Alicycliphilus denitrificans
  0.01	2	2	S1	596154	                  Alicycliphilus denitrificans K601
  0.00	1	0	G	12916	              Acidovorax
  0.00	1	0	G1	2684926	                unclassified Acidovorax
  0.00	1	1	S	2478662	                  Acidovorax sp. 1608163
  0.08	19	6	F	75682	            Oxalobacteraceae
  0.03	8	0	G	963	              Herbaspirillum
  0.03	7	7	S	863372	                Herbaspirillum huttiense
  0.00	1	1	S	92645	                Herbaspirillum frisingense
  0.02	5	0	F1	2895353	              Massilia group
  0.02	5	3	G	149698	                Massilia
  0.01	2	0	G1	2609279	                  unclassified Massilia
  0.01	2	2	S	1707785	                    Massilia sp. WG5
  0.04	11	0	F	506	            Alcaligenaceae
  0.03	8	3	G	222	              Achromobacter
  0.01	3	3	S	217203	                Achromobacter spanius
  0.00	1	1	S	85698	                Achromobacter xylosoxidans
  0.00	1	1	S	217204	                Achromobacter insolitus
  0.01	3	2	G	517	              Bordetella
  0.00	1	1	S	521	                Bordetella avium
  0.01	3	0	O1	224471	            Burkholderiales genera incertae sedis
  0.01	2	0	G	65047	              Mitsuaria
  0.01	2	0	G1	2648776	                unclassified Mitsuaria
  0.01	2	2	S	1658665	                  Mitsuaria sp. 7
  0.00	1	0	G	32012	              Thiomonas
  0.00	1	1	S	926	                Thiomonas intermedia
  0.02	5	0	O	206351	          Neisseriales
  0.01	3	0	F	481	            Neisseriaceae
  0.01	3	0	G	482	              Neisseria
  0.01	3	3	S	495	                Neisseria elongata
  0.01	2	0	F	1499392	            Chromobacteriaceae
  0.01	2	0	F1	90153	              Chromobacterium group
  0.01	2	0	G	535	                Chromobacterium
  0.01	2	0	G1	2641838	                  unclassified Chromobacterium
  0.01	2	2	S	2059672	                    Chromobacterium sp. ATCC 53434
  0.01	3	1	O	32003	          Nitrosomonadales
  0.01	2	0	F	2008793	            Sterolibacteriaceae
  0.01	2	0	G	378210	              Methyloversatilis
  0.01	2	0	G1	2639971	                unclassified Methyloversatilis
  0.01	2	2	S	1842540	                  Methyloversatilis sp. RAC08
  0.00	1	0	O	206389	          Rhodocyclales
  0.00	1	0	F	2008794	            Zoogloeaceae
  0.00	1	0	G	33057	              Thauera
  0.00	1	1	S	1134435	                Thauera humireducens
  2.61	647	9	C	28211	        Alphaproteobacteria
  2.41	597	9	O	356	          Hyphomicrobiales
  2.11	523	135	F	41294	            Bradyrhizobiaceae
  1.55	383	140	G	374	              Bradyrhizobium
  0.62	154	17	G1	2631580	                unclassified Bradyrhizobium
  0.14	34	34	S	2057741	                  Bradyrhizobium sp. SK17
  0.11	27	27	S	1325120	                  Bradyrhizobium sp. CCBAU 53421
  0.06	15	15	S	1404443	                  Bradyrhizobium sp. 41S5
  0.06	14	14	S	1325100	                  Bradyrhizobium sp. CCBAU 51753
  0.04	11	11	S	1197460	                  Bradyrhizobium sp. 6(2017)
  0.04	10	10	S	2782654	                  Bradyrhizobium sp. 186
  0.02	5	5	S	1325111	                  Bradyrhizobium sp. CCBAU 53338
  0.01	3	3	S	2840469	                  Bradyrhizobium sp. S2-20-1
  0.01	3	3	S	2782665	                  Bradyrhizobium sp. 200
  0.01	3	3	S	2782659	                  Bradyrhizobium sp. 191
  0.01	2	2	S	2898149	                  Bradyrhizobium sp. A19
  0.01	2	2	S	288000	                  Bradyrhizobium sp. BTAi1
  0.01	2	2	S	2782686	                  Bradyrhizobium sp. CW1
  0.01	2	2	S	1325102	                  Bradyrhizobium sp. CCBAU 51765
  0.00	1	1	S	2599805	                  Bradyrhizobium sp. SG09
  0.00	1	1	S	2599819	                  Bradyrhizobium sp. TM102
  0.00	1	1	S	115808	                  Bradyrhizobium sp. ORS 285
  0.00	1	1	S	1325112	                  Bradyrhizobium sp. CCBAU 53340
  0.07	18	18	S	244734	                Bradyrhizobium betae
  0.06	14	14	S	2748629	                Bradyrhizobium quebecense
  0.05	13	13	S	1355477	                Bradyrhizobium diazoefficiens
  0.04	9	9	S	375	                Bradyrhizobium japonicum
  0.02	6	6	S	1404864	                Bradyrhizobium cosmicum
  0.02	6	6	S	1404411	                Bradyrhizobium septentrionale
  0.02	4	4	S	1404768	                Bradyrhizobium amphicarpaeae
  0.02	4	4	S	1325115	                Bradyrhizobium guangxiense
  0.01	3	3	S	1325090	                Bradyrhizobium guangdongense
  0.01	3	0	S	44255	                Bradyrhizobium oligotrophicum
  0.01	3	3	S1	1245469	                  Bradyrhizobium oligotrophicum S58
  0.01	2	2	S	1325095	                Bradyrhizobium guangzhouense
  0.01	2	2	S	255045	                Bradyrhizobium canariense
  0.01	2	2	S	190148	                Bradyrhizobium paxllaeri
  0.01	2	2	S	83637	                Bradyrhizobium genosp. L
  0.00	1	1	S	83627	                Bradyrhizobium genosp. B
  0.01	3	0	G	1073	              Rhodopseudomonas
  0.01	3	3	S	1076	                Rhodopseudomonas palustris
  0.01	2	0	G	911	              Nitrobacter
  0.01	2	0	S	912	                Nitrobacter hamburgensis
  0.01	2	2	S1	323097	                  Nitrobacter hamburgensis X14
  0.11	27	0	F	335928	            Xanthobacteraceae
  0.09	22	0	G	279	              Xanthobacter
  0.09	22	22	S	280	                Xanthobacter autotrophicus
  0.02	5	0	G	6	              Azorhizobium
  0.02	5	0	S	7	                Azorhizobium caulinodans
  0.02	5	5	S1	438753	                  Azorhizobium caulinodans ORS 571
  0.09	22	0	F	772	            Bartonellaceae
  0.09	22	0	G	773	              Bartonella
  0.09	22	22	S	2267275	                Bartonella krasnovii
  0.02	6	0	F	82115	            Rhizobiaceae
  0.02	5	0	G	323620	              Shinella
  0.02	5	0	G1	2643062	                unclassified Shinella
  0.02	5	5	S	879274	                  Shinella sp. HZN7
  0.00	1	0	F1	227290	              Rhizobium/Agrobacterium group
  0.00	1	0	G	379	                Rhizobium
  0.00	1	0	G1	2613769	                  unclassified Rhizobium
  0.00	1	1	S	2849093	                    Rhizobium sp. WYJ-E13
  0.01	3	0	F	69277	            Phyllobacteriaceae
  0.00	1	0	G	28100	              Phyllobacterium
  0.00	1	0	G1	2638441	                unclassified Phyllobacterium
  0.00	1	1	S	555317	                  Phyllobacterium sp. T1293
  0.00	1	0	G	68287	              Mesorhizobium
  0.00	1	1	S	2725666	                Mesorhizobium terrae
  0.00	1	0	G	2911176	              Aquibium
  0.00	1	1	S	675281	                Aquibium microcysteis
  0.01	2	0	F	2831090	            Blastochloridaceae
  0.01	2	0	G	59282	              Blastochloris
  0.01	2	2	S	1079	                Blastochloris viridis
  0.01	2	0	F	255475	            Aurantimonadaceae
  0.01	2	0	G	293088	              Martelella
  0.01	2	0	S	293089	                Martelella mediterranea
  0.01	2	2	S1	1122214	                  Martelella mediterranea DSM 17316
  0.00	1	0	F	2831100	            Boseaceae
  0.00	1	0	G	85413	              Bosea
  0.00	1	1	S	1526658	                Bosea vaviloviae
  0.00	1	0	F	2036754	            Chelatococcaceae
  0.00	1	0	G	28209	              Chelatococcus
  0.00	1	0	G1	2638111	                unclassified Chelatococcus
  0.00	1	1	S	1702325	                  Chelatococcus sp. CO-6
  0.00	1	0	F	119045	            Methylobacteriaceae
  0.00	1	0	G	2282523	              Methylorubrum
  0.00	1	0	S	223967	                Methylorubrum populi
  0.00	1	1	S1	441620	                  Methylorubrum populi BJ001
  0.04	11	0	O	204458	          Caulobacterales
  0.04	11	0	F	76892	            Caulobacteraceae
  0.03	8	2	G	41275	              Brevundimonas
  0.01	3	3	G1	2622653	                unclassified Brevundimonas
  0.01	2	2	S	2774189	                Brevundimonas pondensis
  0.00	1	1	S	172043	                Brevundimonas nasdae
  0.01	3	0	G	75	              Caulobacter
  0.01	2	0	G1	2648921	                unclassified Caulobacter
  0.01	2	2	S	69665	                  Caulobacter sp. FWC26
  0.00	1	1	S	2010972	                Caulobacter rhizosphaerae
  0.04	10	0	O	204441	          Rhodospirillales
  0.04	10	2	F	433	            Acetobacteraceae
  0.01	3	0	G	89583	              Gluconacetobacter
  0.01	3	0	S	33996	                Gluconacetobacter diazotrophicus
  0.01	3	3	S1	272568	                  Gluconacetobacter diazotrophicus PA1 5
  0.01	2	0	G	522	              Acidiphilium
  0.01	2	2	S	62140	                Acidiphilium multivorum
  0.01	2	0	G	125216	              Roseomonas
  0.01	2	2	S	2768161	                Roseomonas marmotae
  0.00	1	0	G	2603324	              Acidibrevibacterium
  0.00	1	1	S	1969806	                Acidibrevibacterium fodinaquatile
  0.04	9	0	O	204457	          Sphingomonadales
  0.03	8	0	F	41297	            Sphingomonadaceae
  0.03	7	0	G	13687	              Sphingomonas
  0.02	5	0	G1	196159	                unclassified Sphingomonas
  0.01	3	3	S	2653203	                  Sphingomonas sp. CL5.1
  0.01	2	2	S	2219696	                  Sphingomonas sp. FARSPH
  0.00	1	1	S	2319844	                Sphingomonas paeninsulae
  0.00	1	1	S	1560345	                Sphingomonas panacis
  0.00	1	0	G	165695	              Sphingobium
  0.00	1	0	G1	2611147	                unclassified Sphingobium
  0.00	1	1	S	2082188	                  Sphingobium sp. YG1
  0.00	1	0	F	2844881	            Zymomonadaceae
  0.00	1	0	G	541	              Zymomonas
  0.00	1	0	S	542	                Zymomonas mobilis
  0.00	1	0	S1	120044	                  Zymomonas mobilis subsp. pomaceae
  0.00	1	1	S2	579138	                    Zymomonas mobilis subsp. pomaceae ATCC 29192
  0.03	7	0	O	204455	          Rhodobacterales
  0.03	7	0	F	31989	            Rhodobacteraceae
  0.01	3	3	G	34008	              Rhodovulum
  0.01	3	3	G	265	              Paracoccus
  0.00	1	0	G	1653176	              Cereibacter
  0.00	1	1	S	1063	                Cereibacter sphaeroides
  0.02	4	4	O	766	          Rickettsiales
  2.23	553	41	C	1236	        Gammaproteobacteria
  1.47	363	0	O	2887326	          Moraxellales
  1.47	363	11	F	468	            Moraxellaceae
  1.40	346	160	G	469	              Acinetobacter
  0.26	64	64	S	108981	                Acinetobacter schindleri
  0.23	58	58	S	40215	                Acinetobacter junii
  0.18	44	43	S	40216	                Acinetobacter radioresistens
  0.00	1	1	S1	981334	                  Acinetobacter radioresistens DSM 6976 = NBRC 102413 = CIP 103788
  0.03	8	1	G1	909768	                Acinetobacter calcoaceticus/baumannii complex
  0.03	7	7	S	470	                  Acinetobacter baumannii
  0.02	6	6	S	40214	                Acinetobacter johnsonii
  0.01	2	2	S	756892	                Acinetobacter indicus
  0.01	2	2	S	28090	                Acinetobacter lwoffii
  0.01	2	1	G1	196816	                unclassified Acinetobacter
  0.00	1	1	S	2929509	                  Acinetobacter sp. NyZ410
  0.02	4	0	G	475	              Moraxella
  0.02	4	4	S	34062	                Moraxella osloensis
  0.01	2	0	G	497	              Psychrobacter
  0.01	2	0	G1	196806	                unclassified Psychrobacter
  0.01	2	2	S	1699623	                  Psychrobacter sp. P11G3
  0.29	72	0	O	72274	          Pseudomonadales
  0.29	71	0	F	135621	            Pseudomonadaceae
  0.29	71	23	G	286	              Pseudomonas
  0.10	24	0	G1	136846	                Pseudomonas stutzeri group
  0.10	24	0	G2	578833	                  Pseudomonas stutzeri subgroup
  0.10	24	22	S	316	                    Pseudomonas stutzeri
  0.01	2	2	S1	996285	                      Pseudomonas stutzeri DSM 4166
  0.04	9	4	G1	196821	                unclassified Pseudomonas
  0.01	2	2	S	2898483	                  Pseudomonas sp. 7-41
  0.01	2	2	S	2886360	                  Pseudomonas sp. HN2-3
  0.00	1	1	S	2749808	                  Pseudomonas sp. Y5-11
  0.03	8	0	G1	136845	                Pseudomonas putida group
  0.03	8	4	S	303	                  Pseudomonas putida
  0.02	4	4	S1	1384061	                    Pseudomonas putida S13.1.2
  0.02	4	0	G1	136841	                Pseudomonas aeruginosa group
  0.02	4	4	S	43263	                  Pseudomonas alcaligenes
  0.01	2	2	G1	136849	                Pseudomonas syringae group
  0.00	1	0	G1	136843	                Pseudomonas fluorescens group
  0.00	1	1	S	294	                  Pseudomonas fluorescens
  0.00	1	0	F	2887365	            Marinobacteraceae
  0.00	1	0	G	2742	              Marinobacter
  0.00	1	1	S	2743	                Marinobacter nauticus
  0.19	46	2	O	91347	          Enterobacterales
  0.17	41	2	F	543	            Enterobacteriaceae
  0.08	21	0	G	590	              Salmonella
  0.08	21	0	S	28901	                Salmonella enterica
  0.08	21	0	S1	59201	                  Salmonella enterica subsp. enterica
  0.08	21	21	S2	58712	                    Salmonella enterica subsp. enterica serovar Anatum
  0.04	9	0	F1	2890311	              Klebsiella/Raoultella group
  0.04	9	0	G	570	                Klebsiella
  0.02	5	5	S	244366	                  Klebsiella variicola
  0.01	3	3	S	573	                  Klebsiella pneumoniae
  0.00	1	1	S	571	                  Klebsiella oxytoca
  0.02	6	6	G	547	              Enterobacter
  0.01	2	0	G	561	              Escherichia
  0.01	2	0	S	562	                Escherichia coli
  0.01	2	2	S1	83334	                  Escherichia coli O157:H7
  0.00	1	1	G	544	              Citrobacter
  0.00	1	0	F	1903411	            Yersiniaceae
  0.00	1	1	G	613	              Serratia
  0.00	1	0	F	1903412	            Hafniaceae
  0.00	1	0	G	568	              Hafnia
  0.00	1	1	S	569	                Hafnia alvei
  0.00	1	0	F	1903414	            Morganellaceae
  0.00	1	0	G	626	              Xenorhabdus
  0.00	1	1	S	351671	                Xenorhabdus doucetiae
  0.08	19	0	O	135614	          Xanthomonadales
  0.08	19	0	F	32033	            Xanthomonadaceae
  0.04	11	0	G	338	              Xanthomonas
  0.04	9	0	G1	643453	                Xanthomonas citri group
  0.04	9	0	S	346	                  Xanthomonas citri
  0.04	9	9	S1	366649	                    Xanthomonas citri pv. fuscans
  0.01	2	2	S	339	                Xanthomonas campestris
  0.02	4	0	G	40323	              Stenotrophomonas
  0.02	4	1	G1	995085	                Stenotrophomonas maltophilia group
  0.01	3	3	S	40324	                  Stenotrophomonas maltophilia
  0.01	2	0	G	68	              Lysobacter
  0.01	2	2	S	435897	                Lysobacter capsici
  0.01	2	0	G	83614	              Luteimonas
  0.01	2	2	S	2565782	                Luteimonas yindakuii
  0.02	4	0	O	135613	          Chromatiales
  0.02	4	0	F	72276	            Ectothiorhodospiraceae
  0.01	3	0	G	1765964	              Acidihalobacter
  0.01	3	3	S	1765967	                Acidihalobacter ferrooxydans
  0.00	1	1	G	106633	              Thioalkalivibrio
  0.02	4	0	O	1706369	          Cellvibrionales
  0.02	4	0	F	1706371	            Cellvibrionaceae
  0.02	4	0	G	447467	              Simiduia
  0.02	4	0	S	447471	                Simiduia agarivorans
  0.02	4	4	S1	1117647	                  Simiduia agarivorans SA1 = DSM 21679
  0.01	2	0	O	135619	          Oceanospirillales
  0.00	1	0	F	28256	            Halomonadaceae
  0.00	1	0	G	2745	              Halomonas
  0.00	1	0	G1	2609666	                unclassified Halomonas
  0.00	1	1	S	1504981	                  Halomonas sp. KO116
  0.00	1	0	F	135620	            Oceanospirillaceae
  0.00	1	0	G	75687	              Neptunomonas
  0.00	1	1	S	1572645	                Neptunomonas phycophila
  0.00	1	0	O	135622	          Alteromonadales
  0.00	1	0	F	267890	            Shewanellaceae
  0.00	1	0	G	22	              Shewanella
  0.00	1	0	G1	196818	                unclassified Shewanella
  0.00	1	1	S	2589987	                  Shewanella sp. Scap07
  0.00	1	0	O	135625	          Pasteurellales
  0.00	1	0	F	712	            Pasteurellaceae
  0.00	1	0	G	724	              Haemophilus
  0.00	1	1	S	729	                Haemophilus parainfluenzae
  0.02	6	0	P1	68525	        delta/epsilon subdivisions
  0.02	6	0	C	28221	          Deltaproteobacteria
  0.02	6	0	O	29	            Myxococcales
  0.02	4	0	O1	80811	              Cystobacterineae
  0.01	3	0	F	39	                Archangiaceae
  0.01	3	0	G	47	                  Archangium
  0.01	3	3	S	83451	                    Archangium violaceum
  0.00	1	0	F	1524213	                Vulgatibacteraceae
  0.00	1	0	G	1524214	                  Vulgatibacter
  0.00	1	1	S	1391653	                    Vulgatibacter incomptus
  0.01	2	0	O1	224462	              Nannocystineae
  0.01	2	0	F	224464	                Kofleriaceae
  0.01	2	0	G	162027	                  Haliangium
  0.01	2	0	S	80816	                    Haliangium ochraceum
  0.01	2	2	S1	502025	                      Haliangium ochraceum DSM 14365
  0.00	1	0	C	2008785	        Hydrogenophilalia
  0.00	1	0	O	119069	          Hydrogenophilales
  0.00	1	0	F	206349	            Hydrogenophilaceae
  0.00	1	0	G	70774	              Hydrogenophilus
  0.00	1	1	S	297	                Hydrogenophilus thermoluteolus
  3.56	882	7	D1	1783272	      Terrabacteria group
  2.41	598	0	P	201174	        Actinobacteria
  2.40	594	17	C	1760	          Actinomycetia
  1.65	408	5	O	85006	            Micrococcales
  1.57	388	14	F	85023	              Microbacteriaceae
  1.28	318	20	G	110932	                Leifsonia
  0.90	222	222	S	150026	                  Leifsonia shinshuensis
  0.29	71	5	G1	2663824	                  unclassified Leifsonia
  0.10	25	25	S	2724914	                    Leifsonia sp. PS1209
  0.08	21	21	S	1798223	                    Leifsonia sp. 21MFCrub1.1
  0.08	20	20	S	2781978	                    Leifsonia sp. ZF2019
  0.02	5	3	S	1575	                  Leifsonia xyli
  0.01	2	0	S1	31966	                    Leifsonia xyli subsp. cynodontis
  0.01	2	2	S2	1389489	                      Leifsonia xyli subsp. cynodontis DSM 46306
  0.11	27	5	G	33882	                Microbacterium
  0.04	10	0	G1	2609290	                  unclassified Microbacterium
  0.01	3	3	S	2851648	                    Microbacterium sp. SSW1-36
  0.01	2	2	S	2606451	                    Microbacterium sp. 1S1
  0.01	2	2	S	2861281	                    Microbacterium sp. PAMC22086
  0.00	1	1	S	2603598	                    Microbacterium sp. CBA3102
  0.00	1	1	S	367477	                    Microbacterium sp. XT11
  0.00	1	1	S	2851650	                    Microbacterium sp. SSW1-51
  0.02	5	5	S	162426	                  Microbacterium hominis
  0.01	2	2	S	36805	                  Microbacterium aurum
  0.01	2	2	S	2541726	                  Microbacterium wangchenii
  0.00	1	1	S	104336	                  Microbacterium foliorum
  0.00	1	1	S	273678	                  Microbacterium hydrocarbonoxydans
  0.00	1	1	S	1072463	                  Microbacterium lemovicicum
  0.05	12	0	G	2034	                Curtobacterium
  0.04	9	1	G1	257496	                  unclassified Curtobacterium
  0.03	8	8	S	2495430	                    Curtobacterium sp. Csp2
  0.01	2	0	S	2035	                  Curtobacterium flaccumfaciens
  0.01	2	2	S1	138532	                    Curtobacterium flaccumfaciens pv. flaccumfaciens
  0.00	1	1	S	33881	                  Curtobacterium luteum
  0.02	6	1	G	33886	                Rathayibacter
  0.01	3	0	S	110937	                  Rathayibacter festucae
  0.01	3	3	S1	1328866	                    Rathayibacter festucae DSM 15932
  0.01	2	0	G1	2609250	                  unclassified Rathayibacter
  0.00	1	1	S	2609253	                    Rathayibacter sp. VKM Ac-2760
  0.00	1	1	S	2609255	                    Rathayibacter sp. VKM Ac-2801
  0.02	5	0	G	33877	                Agromyces
  0.01	3	3	S	2592652	                  Agromyces intestinalis
  0.01	2	2	S	1389020	                  Agromyces marinus
  0.01	3	0	G	1573	                Clavibacter
  0.01	3	0	S	28447	                  Clavibacter michiganensis
  0.01	2	2	S1	31964	                    Clavibacter michiganensis subsp. sepedonicus
  0.00	1	1	S1	31965	                    Clavibacter michiganensis subsp. tessellarius
  0.00	1	0	G	55968	                Leucobacter
  0.00	1	0	G1	2621730	                  unclassified Leucobacter
  0.00	1	1	S	2813744	                    Leucobacter sp. CX169
  0.00	1	1	G	1331730	                Chryseoglobus
  0.00	1	0	G	190323	                Plantibacter
  0.00	1	1	S	150123	                  Plantibacter flavus
  0.02	5	0	F	85016	              Cellulomonadaceae
  0.02	5	0	G	1707	                Cellulomonas
  0.02	5	0	G1	2620175	                  unclassified Cellulomonas
  0.02	5	5	S	2591145	                    Cellulomonas sp. Y8
  0.01	3	0	F	85017	              Promicromonosporaceae
  0.01	3	3	G	157920	                Cellulosimicrobium
  0.01	3	2	F	1268	              Micrococcaceae
  0.00	1	0	G	596707	                Sinomonas
  0.00	1	0	G1	2646595	                  unclassified Sinomonas
  0.00	1	1	S	2020377	                    Sinomonas sp. R1AF57
  0.01	2	0	F	1331736	              Ruaniaceae
  0.01	2	0	G	626119	                Ruania
  0.01	2	2	S	2675754	                  Haloactinobacterium kanbiaonis
  0.00	1	0	F	85020	              Dermabacteraceae
  0.00	1	0	G	43668	                Brachybacterium
  0.00	1	0	G1	2623841	                  unclassified Brachybacterium
  0.00	1	1	S	1903186	                    Brachybacterium sp. P6-10-X1
  0.00	1	0	F	85021	              Intrasporangiaceae
  0.00	1	0	G	367298	                Phycicoccus
  0.00	1	0	G1	2637926	                  unclassified Phycicoccus
  0.00	1	1	S	2714941	                    Phycicoccus sp. HDW14
  0.29	71	1	O	85007	            Corynebacteriales
  0.19	47	0	F	1653	              Corynebacteriaceae
  0.19	47	22	G	1716	                Corynebacterium
  0.03	8	8	S	161879	                  Corynebacterium kroppenstedtii
  0.02	6	6	S	38304	                  Corynebacterium tuberculostearicum
  0.02	4	4	S	43771	                  Corynebacterium urealyticum
  0.01	3	3	S	401472	                  Corynebacterium ureicelerivorans
  0.01	2	2	S	156976	                  Corynebacterium riegelii
  0.01	2	2	S	1725	                  Corynebacterium xerosis
  0.07	17	1	F	1762	              Mycobacteriaceae
  0.03	8	0	G	1866885	                Mycolicibacterium
  0.02	6	6	S	39687	                  Mycolicibacterium austroafricanum
  0.01	2	2	S	39694	                  Mycolicibacterium poriferae
  0.01	3	0	G	670516	                Mycobacteroides
  0.01	2	2	S	36809	                  Mycobacteroides abscessus
  0.00	1	1	S	1774	                  Mycobacteroides chelonae
  0.01	2	0	G	1763	                Mycobacterium
  0.01	2	0	G1	2249310	                  Mycobacterium simiae complex
  0.01	2	2	S	185642	                    Mycobacterium parmense
  0.01	2	0	G	1073531	                Mycolicibacter
  0.01	2	1	G1	2642523	                  unclassified Mycolicibacter
  0.00	1	1	S	2855503	                    Mycolicibacter sp. MYC340
  0.00	1	0	G	697025	                Hoyosella
  0.00	1	0	S	639313	                  Hoyosella subflava
  0.00	1	1	S1	443218	                    Hoyosella subflava DQS3-9A1
  0.02	5	0	F	85025	              Nocardiaceae
  0.01	3	3	G	1827	                Rhodococcus
  0.01	2	0	G	1817	                Nocardia
  0.01	2	2	S	37326	                  Nocardia brasiliensis
  0.00	1	0	O1	697024	              Corynebacteriales incertae sedis
  0.00	1	0	G	741759	                Tomitella
  0.00	1	1	S	2597660	                  Tomitella fengzijianii
  0.18	45	0	O	85009	            Propionibacteriales
  0.14	35	0	F	31957	              Propionibacteriaceae
  0.13	32	4	G	1912216	                Cutibacterium
  0.11	27	27	S	1747	                  Cutibacterium acnes
  0.00	1	1	S	33011	                  Cutibacterium granulosum
  0.01	2	0	G	2717325	                Brevilactibacter
  0.01	2	0	G1	2717326	                  unclassified Brevilactibacter
  0.01	2	2	S	2819349	                    Brevilactibacter sp. MC1595
  0.00	1	0	G	72763	                Tessaracoccus
  0.00	1	1	S	399497	                  Tessaracoccus flavescens
  0.04	10	0	F	85015	              Nocardioidaceae
  0.04	10	2	G	1839	                Nocardioides
  0.01	3	3	S	449461	                  Nocardioides humi
  0.01	3	0	G1	2615069	                  unclassified Nocardioides
  0.01	3	3	S	2849501	                    Nocardioides sp. G188
  0.01	2	2	S	2589074	                  Nocardioides sambongensis
  0.10	26	0	O	85011	            Streptomycetales
  0.10	26	0	F	2062	              Streptomycetaceae
  0.09	23	3	G	1883	                Streptomyces
  0.04	11	0	G1	2593676	                  unclassified Streptomyces
  0.02	4	4	S	2825844	                    Streptomyces sp. Go 40/10
  0.01	3	3	S	2099583	                    Streptomyces sp. ICC1
  0.01	2	2	S	2078691	                    Streptomyces sp. CB01881
  0.00	1	1	S	2721246	                    Streptomyces sp. S1D4-11
  0.00	1	1	S	2751189	                    Streptomyces sp. NEAU-sy36
  0.01	3	0	G1	2838335	                  Streptomyces aurantiacus group
  0.01	3	3	S	2184053	                    Streptomyces cadmiisoli
  0.01	2	2	S	1176198	                  Streptomyces harbinensis
  0.01	2	2	S	54571	                  Streptomyces venezuelae
  0.00	1	1	S	83291	                  Streptomyces armeniacus
  0.00	1	1	S	1616117	                  Streptomyces formicae
  0.01	3	0	G	2805681	                Yinghuangia
  0.01	3	0	G1	2846306	                  unclassified Yinghuangia
  0.01	3	3	S	2896848	                    Yinghuangia sp. ASG 101
  0.06	14	0	O	85010	            Pseudonocardiales
  0.06	14	0	F	2070	              Pseudonocardiaceae
  0.03	8	0	G	1847	                Pseudonocardia
  0.03	8	2	G1	2619320	                  unclassified Pseudonocardia
  0.02	5	5	S	1690815	                    Pseudonocardia sp. HH130630-07
  0.00	1	1	S	2865833	                    Pseudonocardia sp. DSM 110487
  0.01	2	0	G	2029	                Kibdelosporangium
  0.01	2	2	S	860235	                  Kibdelosporangium phytohabitans
  0.01	2	0	G	43356	                Kutzneria
  0.01	2	0	G1	2621979	                  unclassified Kutzneria
  0.01	2	2	S	2802641	                    Kutzneria sp. CA-103260
  0.00	1	0	G	1813	                Amycolatopsis
  0.00	1	0	G1	2618356	                  unclassified Amycolatopsis
  0.00	1	1	S	2865832	                    Amycolatopsis sp. DSM 110486
  0.00	1	0	G	1835	                Saccharopolyspora
  0.00	1	1	S	33914	                  Saccharopolyspora gregorii
  0.02	6	0	O	85008	            Micromonosporales
  0.02	6	0	F	28056	              Micromonosporaceae
  0.02	5	0	G	1873	                Micromonospora
  0.01	3	3	S	2294034	                  Micromonospora craniellae
  0.01	2	2	S	356852	                  Micromonospora coxensis
  0.00	1	0	G	1865	                Actinoplanes
  0.00	1	0	S	1867	                  Actinoplanes teichomyceticus
  0.00	1	1	S1	457423	                    Actinoplanes teichomyceticus ATCC 31121
  0.02	6	0	O	2037	            Actinomycetales
  0.02	6	0	F	2049	              Actinomycetaceae
  0.02	6	0	G	1654	                Actinomyces
  0.01	3	3	S	111015	                  Actinomyces radicidentis
  0.01	2	0	G1	2609248	                  unclassified Actinomyces
  0.01	2	2	S	2789425	                    Actinomyces sp. HMT 175
  0.00	1	1	S	2057743	                  Actinomyces wuliandei
  0.00	1	0	O	1643682	            Geodermatophilales
  0.00	1	0	F	85030	              Geodermatophilaceae
  0.00	1	0	G	38501	                Blastococcus
  0.00	1	0	G1	2619396	                  unclassified Blastococcus
  0.00	1	1	S	2933797	                    Blastococcus sp. PRF04-17
  0.01	2	0	C	908620	          Nitriliruptoria
  0.01	2	0	O	908621	            Euzebyales
  0.01	2	0	F	908622	              Euzebyaceae
  0.01	2	0	G	908623	                Euzebya
  0.01	2	2	S	1608957	                  Euzebya pacifica
  0.00	1	0	C	84998	          Coriobacteriia
  0.00	1	0	O	84999	            Coriobacteriales
  0.00	1	0	F	1643824	              Atopobiaceae
  0.00	1	0	G	2082587	                Parolsenella
  0.00	1	1	S	1871022	                  Parolsenella massiliensis
  0.00	1	0	C	1497346	          Thermoleophilia
  0.00	1	0	O	2843198	            Miltoncostaeales
  0.00	1	0	F	2843199	              Miltoncostaeaceae
  0.00	1	0	G	2843200	                Miltoncostaea
  0.00	1	1	S	2843216	                  Miltoncostaea oceani
  1.11	276	0	P	1239	        Firmicutes
  1.07	264	1	C	91061	          Bacilli
  0.97	241	2	O	1385	            Bacillales
  0.92	228	0	F	90964	              Staphylococcaceae
  0.92	228	2	G	1279	                Staphylococcus
  0.91	225	225	S	1280	                  Staphylococcus aureus
  0.00	1	1	S	1290	                  Staphylococcus hominis
  0.03	7	0	F	186822	              Paenibacillaceae
  0.01	3	0	G	456492	                Saccharibacillus
  0.01	3	3	S	2583377	                  Saccharibacillus brassicae
  0.01	2	0	G	44249	                Paenibacillus
  0.01	2	2	S	189426	                  Paenibacillus odorifer
  0.01	2	0	G	55080	                Brevibacillus
  0.01	2	2	S	1393	                  Brevibacillus brevis
  0.01	3	0	O1	539002	              Bacillales incertae sedis
  0.01	3	0	O2	539738	                Bacillales Family XI. Incertae Sedis
  0.01	3	3	G	1378	                  Gemella
  0.00	1	0	F	186818	              Planococcaceae
  0.00	1	1	G	1569	                Sporosarcina
  0.09	22	0	O	186826	            Lactobacillales
  0.03	7	0	F	1300	              Streptococcaceae
  0.03	7	7	G	1301	                Streptococcus
  0.02	6	0	F	33958	              Lactobacillaceae
  0.02	5	0	G	1578	                Lactobacillus
  0.02	5	5	S	147802	                  Lactobacillus iners
  0.00	1	0	G	1253	                Pediococcus
  0.00	1	1	S	187452	                  Pediococcus claussenii
  0.02	5	0	F	81852	              Enterococcaceae
  0.02	5	0	G	1350	                Enterococcus
  0.02	5	5	S	1352	                  Enterococcus faecium
  0.02	4	0	F	186827	              Aerococcaceae
  0.02	4	0	G	46123	                Abiotrophia
  0.02	4	4	S	46125	                  Abiotrophia defectiva
  0.02	6	0	C	186801	          Clostridia
  0.02	6	0	O	186802	            Eubacteriales
  0.02	5	0	F	31979	              Clostridiaceae
  0.02	5	0	G	1485	                Clostridium
  0.01	3	3	S	1491	                  Clostridium botulinum
  0.01	2	2	S	1513	                  Clostridium tetani
  0.00	1	0	F	216572	              Oscillospiraceae
  0.00	1	0	G	244127	                Anaerotruncus
  0.00	1	1	S	169435	                  Anaerotruncus colihominis
  0.01	3	0	C	909932	          Negativicutes
  0.01	3	0	O	1843489	            Veillonellales
  0.01	3	0	F	31977	              Veillonellaceae
  0.01	3	2	G	29465	                Veillonella
  0.00	1	1	S	39777	                  Veillonella atypica
  0.01	3	0	C	1737404	          Tissierellia
  0.01	3	0	O	1737405	            Tissierellales
  0.01	3	0	F	1570339	              Peptoniphilaceae
  0.01	3	0	G	150022	                Finegoldia
  0.01	3	3	S	1260	                  Finegoldia magna
  0.00	1	0	D2	1798711	        Cyanobacteria/Melainabacteria group
  0.00	1	0	P	1117	          Cyanobacteria
  0.00	1	0	O	1161	            Nostocales
  0.00	1	0	F	1162	              Nostocaceae
  0.00	1	0	G	1163	                Anabaena
  0.00	1	0	G1	2619674	                  unclassified Anabaena
  0.00	1	1	S	2490939	                    Anabaena sp. YBS01
  0.02	6	0	D1	1783270	      FCB group
  0.02	6	0	D2	68336	        Bacteroidetes/Chlorobi group
  0.02	6	0	P	976	          Bacteroidetes
  0.02	4	0	C	117743	            Flavobacteriia
  0.02	4	0	O	200644	              Flavobacteriales
  0.01	3	0	F	2762318	                Weeksellaceae
  0.01	3	0	F1	2782232	                  Chryseobacterium group
  0.01	3	0	G	59732	                    Chryseobacterium
  0.01	3	3	S	253	                      Chryseobacterium indologenes
  0.00	1	0	F	49546	                Flavobacteriaceae
  0.00	1	1	G	1016	                  Capnocytophaga
  0.01	2	0	C	768503	            Cytophagia
  0.01	2	0	O	768507	              Cytophagales
  0.01	2	0	F	1853232	                Hymenobacteraceae
  0.01	2	0	G	89966	                  Hymenobacter
  0.01	2	0	G1	2615202	                    unclassified Hymenobacter
  0.01	2	2	S	1484118	                      Hymenobacter sp. PAMC 26628
  0.01	2	0	P	32066	      Fusobacteria
  0.01	2	0	C	203490	        Fusobacteriia
  0.01	2	0	O	203491	          Fusobacteriales
  0.01	2	0	F	203492	            Fusobacteriaceae
  0.01	2	0	G	848	              Fusobacterium
  0.01	2	0	S	851	                Fusobacterium nucleatum
  0.01	2	2	S1	76857	                  Fusobacterium nucleatum subsp. polymorphum
  0.00	1	0	P	57723	      Acidobacteria
  0.00	1	0	C	204432	        Acidobacteriia
  0.00	1	0	O	204433	          Acidobacteriales
  0.00	1	0	F	204434	            Acidobacteriaceae
  0.00	1	0	G	940557	              Granulicella
  0.00	1	0	G1	2621151	                unclassified Granulicella
  0.00	1	1	S	2602070	                  Granulicella sp. WH15
  0.00	1	0	D1	1783257	      PVC group
  0.00	1	0	P	203682	        Planctomycetes
  0.00	1	0	C	203683	          Planctomycetia
  0.00	1	0	O	2691356	            Isosphaerales
  0.00	1	0	F	1763524	              Isosphaeraceae
  0.00	1	0	G	466152	                Singulisphaera
  0.00	1	0	S	466153	                  Singulisphaera acidiphila
  0.00	1	1	S1	886293	                    Singulisphaera acidiphila DSM 18658
  1.38	341	5	D	2759	    Eukaryota
  1.34	333	0	D1	33154	      Opisthokonta
  1.07	265	0	K	33208	        Metazoa
  1.07	265	0	K1	6072	          Eumetazoa
  1.07	265	0	K2	33213	            Bilateria
  1.07	265	0	K3	33511	              Deuterostomia
  1.07	265	0	P	7711	                Chordata
  1.07	265	0	P1	89593	                  Craniata
  1.07	265	0	P2	7742	                    Vertebrata
  1.07	265	0	P3	7776	                      Gnathostomata
  1.07	265	0	P4	117570	                        Teleostomi
  1.07	265	0	P5	117571	                          Euteleostomi
  1.07	265	0	P6	8287	                            Sarcopterygii
  1.07	265	0	P7	1338369	                              Dipnotetrapodomorpha
  1.07	265	0	P8	32523	                                Tetrapoda
  1.07	265	0	P9	32524	                                  Amniota
  1.07	265	0	C	40674	                                    Mammalia
  1.07	265	0	C1	32525	                                      Theria
  1.07	265	0	C2	9347	                                        Eutheria
  1.07	265	0	C3	1437010	                                          Boreoeutheria
  1.07	265	0	C4	314146	                                            Euarchontoglires
  1.07	265	0	O	9443	                                              Primates
  1.07	265	0	O1	376913	                                                Haplorrhini
  1.07	265	0	O2	314293	                                                  Simiiformes
  1.07	265	0	O3	9526	                                                    Catarrhini
  1.07	265	0	O4	314295	                                                      Hominoidea
  1.07	265	0	F	9604	                                                        Hominidae
  1.07	265	0	F1	207598	                                                          Homininae
  1.07	265	0	G	9605	                                                            Homo
  1.07	265	265	S	9606	                                                              Homo sapiens
  0.27	68	0	K	4751	        Fungi
  0.27	68	10	K1	451864	          Dikarya
  0.17	43	4	P	4890	            Ascomycota
  0.16	39	3	P1	716545	              saccharomyceta
  0.13	32	0	P2	147538	                Pezizomycotina
  0.13	32	7	P3	716546	                  leotiomyceta
  0.08	19	0	P4	715989	                    sordariomyceta
  0.04	11	0	C	147548	                      Leotiomycetes
  0.04	11	0	O	5178	                        Helotiales
  0.04	11	0	F	28983	                          Sclerotiniaceae
  0.04	11	0	G	33196	                            Botrytis
  0.04	11	0	S	40559	                              Botrytis cinerea
  0.04	11	11	S1	332648	                                Botrytis cinerea B05.10
  0.03	8	0	C	147550	                      Sordariomycetes
  0.02	6	2	C1	222543	                        Hypocreomycetidae
  0.02	4	0	O	5125	                          Hypocreales
  0.02	4	0	F	110618	                            Nectriaceae
  0.02	4	0	G	5506	                              Fusarium
  0.02	4	0	G1	569360	                                Fusarium sambucinum species complex
  0.01	3	0	S	101028	                                  Fusarium pseudograminearum
  0.01	3	3	S1	1028729	                                    Fusarium pseudograminearum CS3096
  0.00	1	1	S	36050	                                  Fusarium poae
  0.01	2	0	C1	222544	                        Sordariomycetidae
  0.00	1	1	O	5139	                          Sordariales
  0.00	1	0	O	639021	                          Magnaporthales
  0.00	1	0	F	2528436	                            Pyriculariaceae
  0.00	1	0	G	48558	                              Pyricularia
  0.00	1	1	S	1578925	                                Pyricularia pennisetigena
  0.02	4	0	P4	715962	                    dothideomyceta
  0.02	4	0	C	147541	                      Dothideomycetes
  0.02	4	0	C1	451867	                        Dothideomycetidae
  0.02	4	0	O	2726947	                          Mycosphaerellales
  0.02	4	0	F	93133	                            Mycosphaerellaceae
  0.02	4	0	G	1047167	                              Zymoseptoria
  0.02	4	0	S	1047171	                                Zymoseptoria tritici
  0.02	4	4	S1	336722	                                  Zymoseptoria tritici IPO323
  0.01	2	0	C	147545	                    Eurotiomycetes
  0.01	2	0	C1	451871	                      Eurotiomycetidae
  0.01	2	0	O	5042	                        Eurotiales
  0.01	2	0	F	1131492	                          Aspergillaceae
  0.01	2	2	G	5052	                            Aspergillus
  0.02	4	0	P2	147537	                Saccharomycotina
  0.02	4	0	C	4891	                  Saccharomycetes
  0.02	4	1	O	4892	                    Saccharomycetales
  0.01	3	0	F	4893	                      Saccharomycetaceae
  0.01	3	0	G	113604	                        Tetrapisispora
  0.01	3	0	S	1071379	                          Tetrapisispora blattae
  0.01	3	3	S1	1071380	                            Tetrapisispora blattae CBS 6284
  0.06	15	0	P	5204	            Basidiomycota
  0.05	13	0	P1	5302	              Agaricomycotina
  0.05	12	0	C	155619	                Agaricomycetes
  0.04	10	0	C1	452333	                  Agaricomycetidae
  0.04	10	0	O	5338	                    Agaricales
  0.04	10	0	F	654128	                      Marasmiaceae
  0.04	10	0	G	34448	                        Marasmius
  0.04	10	10	S	181124	                          Marasmius oreades
  0.01	2	0	C1	355688	                  Agaricomycetes incertae sedis
  0.01	2	0	O	36064	                    Cantharellales
  0.01	2	0	F	5250	                      Ceratobasidiaceae
  0.01	2	0	G	1322061	                        Rhizoctonia
  0.01	2	2	S	456999	                          Rhizoctonia solani
  0.00	1	0	C	155616	                Tremellomycetes
  0.00	1	0	O	5234	                  Tremellales
  0.00	1	0	F	1884633	                    Cryptococcaceae
  0.00	1	1	G	5206	                      Cryptococcus
  0.01	2	0	P1	452284	              Ustilaginomycotina
  0.01	2	0	C	1538075	                Malasseziomycetes
  0.01	2	0	O	162474	                  Malasseziales
  0.01	2	0	F	742845	                    Malasseziaceae
  0.01	2	0	G	55193	                      Malassezia
  0.01	2	2	S	76775	                        Malassezia restricta
  0.01	3	0	D1	2698737	      Sar
  0.01	3	0	D2	33630	        Alveolata
  0.01	3	0	P	5794	          Apicomplexa
  0.01	3	0	C	422676	            Aconoidasida
  0.01	3	0	O	5819	              Haemosporida
  0.01	3	0	F	1639119	                Plasmodiidae
  0.01	3	3	G	5820	                  Plasmodium
  0.02	6	0	D	2157	    Archaea
  0.02	6	0	P	28890	      Euryarchaeota
  0.02	6	0	P1	2290931	        Stenosarchaea group
  0.02	6	0	C	183963	          Halobacteria
  0.02	6	0	O	2235	            Halobacteriales
  0.02	6	0	F	2236	              Halobacteriaceae
  0.02	6	0	G	1656823	                Halanaeroarchaeum
  0.02	6	6	S	1604004	                  Halanaeroarchaeum sulfurireducens
 21.45	5313	0	D	10239	  Viruses
 21.40	5301	0	D1	2731342	    Monodnaviria
 21.40	5301	0	K	2732092	      Shotokuvirae
 21.40	5301	0	P	2732415	        Cossaviricota
 21.40	5301	0	C	2732421	          Papovaviricetes
 21.40	5301	0	O	2732532	            Sepolyvirales
 21.40	5301	0	F	151341	              Polyomaviridae
 21.40	5301	11	G	1891713	                Alphapolyomavirus
 21.36	5290	0	S	1891726	                  Human polyomavirus 5
 21.36	5290	5290	S1	493803	                    Merkel cell polyomavirus
  0.05	12	0	D1	2731341	    Duplodnaviria
  0.05	12	0	K	2731360	      Heunggongvirae
  0.05	12	0	P	2731618	        Uroviricota
  0.05	12	0	C	2731619	          Caudoviricetes
  0.05	12	0	O	28883	            Caudovirales
  0.05	12	0	F	10662	              Myoviridae
  0.04	11	5	G	2843450	                Sarumanvirus
  0.01	3	0	S	2843896	                  Sarumanvirus bcepsaruman
  0.01	3	3	S1	2530032	                    Burkholderia phage BcepSaruman
  0.01	3	0	S	2843897	                  Sarumanvirus bcepsauron
  0.01	3	3	S1	2530033	                    Burkholderia phage BcepSauron
  0.00	1	0	F1	2842517	                Emmerichvirinae
  0.00	1	0	G	2842588	                  Ceceduovirus
  0.00	1	0	S	2843653	                    Aeromonas virus CC2
  0.00	1	1	S1	1204516	                      Aeromonas phage CC2
